preprocessing,seed,epsilon,n_train,n_test,n_features,adult_rows,protected_attribute_in_X,estimator,constraint,randomized_prediction_metric,implementation,error,accuracy,hard_accuracy,paper_dp_violation,fairlearn_dpd,n_predictors,n_oracle_calls,best_gap,status,warning
preserve_missing,0,0.001,36631,12211,108,48842,True,"LogisticRegression(solver='liblinear', max_iter=1000)",DemographicParity,expected_error_from_positive_probability,authors-code,0.16838321564828104,0.8316167843517189,0.8346572762263533,0.009359141574374785,0.027429078048257866,2,23,4.5075054799781356e-14,ok,
preserve_missing,0,0.001,36631,12211,108,48842,True,"LogisticRegression(solver='liblinear', max_iter=1000)",DemographicParity,expected_error_from_positive_probability,modern-fairlearn,0.1681930090770289,0.8318069909229711,0.8347391696011792,0.009659433456041533,0.027305606014673467,2,23,2.8080044112838154e-05,ok,
preserve_missing,0,0.0031622776601683794,36631,12211,108,48842,True,"LogisticRegression(solver='liblinear', max_iter=1000)",DemographicParity,expected_error_from_positive_probability,authors-code,0.16763021770747333,0.8323697822925267,0.8347391696011792,0.011625269719687414,0.027919212776905233,2,23,3.9190872769268026e-14,ok,
preserve_missing,0,0.0031622776601683794,36631,12211,108,48842,True,"LogisticRegression(solver='liblinear', max_iter=1000)",DemographicParity,expected_error_from_positive_probability,modern-fairlearn,0.1675051529675993,0.8324948470324007,0.8347391696011792,0.011641973661919297,0.027305606014673467,2,23,0.0,ok,
preserve_missing,0,0.01,36631,12211,108,48842,True,"LogisticRegression(solver='liblinear', max_iter=1000)",DemographicParity,expected_error_from_positive_probability,authors-code,0.1652206491034629,0.8347793508965371,0.8347391696011792,0.018300579537596645,0.027305606014673467,2,23,2.248201624865942e-15,ok,
preserve_missing,0,0.01,36631,12211,108,48842,True,"LogisticRegression(solver='liblinear', max_iter=1000)",DemographicParity,expected_error_from_positive_probability,modern-fairlearn,0.16530613298837973,0.8346938670116203,0.8346572762263533,0.018353847679442564,0.027429078048257866,2,23,5.273559366969494e-16,ok,
preserve_missing,0,0.03162277660168379,36631,12211,108,48842,True,"LogisticRegression(solver='liblinear', max_iter=1000)",DemographicParity,expected_error_from_positive_probability,authors-code,0.16065553919269368,0.8393444608073063,0.83940709196626,0.036562833912162,0.05547521599198246,2,23,0.0,ok,
preserve_missing,0,0.03162277660168379,36631,12211,108,48842,True,"LogisticRegression(solver='liblinear', max_iter=1000)",DemographicParity,expected_error_from_positive_probability,modern-fairlearn,0.16071827452467155,0.8392817254753284,0.839325198591434,0.036548704493172796,0.05535174395839809,2,23,3.469446951953614e-15,ok,
preserve_missing,0,0.1,36631,12211,108,48842,True,"LogisticRegression(solver='liblinear', max_iter=1000)",DemographicParity,expected_error_from_positive_probability,authors-code,0.1483091522559841,0.8516908477440159,0.8520186716894603,0.10006783897658447,0.15333028576809454,2,32,1.3877787807814457e-16,ok,
preserve_missing,0,0.1,36631,12211,108,48842,True,"LogisticRegression(solver='liblinear', max_iter=1000)",DemographicParity,expected_error_from_positive_probability,modern-fairlearn,0.1496667272947858,0.8503332727052142,0.8489886168208992,0.10104445646340997,0.13087002622699734,2,28,1.3877787807814457e-15,ok,
preserve_missing,1,0.001,36631,12211,108,48842,True,"LogisticRegression(solver='liblinear', max_iter=1000)",DemographicParity,expected_error_from_positive_probability,authors-code,0.16287358765128485,0.8371264123487152,0.8375235443452624,0.00219406908101924,0.0013541139083522724,2,23,0.00015051617160180553,ok,
preserve_missing,1,0.001,36631,12211,108,48842,True,"LogisticRegression(solver='liblinear', max_iter=1000)",DemographicParity,expected_error_from_positive_probability,modern-fairlearn,0.16298544043494415,0.8370145595650559,0.8374416509704365,0.0022169412195876814,0.0012329752045364128,2,23,0.00017290141349654564,ok,
preserve_missing,1,0.0031622776601683794,36631,12211,108,48842,True,"LogisticRegression(solver='liblinear', max_iter=1000)",DemographicParity,expected_error_from_positive_probability,authors-code,0.16248433459479172,0.8375156654052083,0.8373597575956105,5.0275099166913195e-05,0.0011118365007205255,2,23,2.7755575615628914e-17,ok,
preserve_missing,1,0.0031622776601683794,36631,12211,108,48842,True,"LogisticRegression(solver='liblinear', max_iter=1000)",DemographicParity,expected_error_from_positive_probability,modern-fairlearn,0.1624928517125552,0.8375071482874448,0.8372778642207845,0.0002926841035057193,0.0019808137850700347,2,23,3.3002767166973035e-05,ok,
preserve_missing,1,0.01,36631,12211,108,48842,True,"LogisticRegression(solver='liblinear', max_iter=1000)",DemographicParity,expected_error_from_positive_probability,authors-code,0.1610807593460369,0.8389192406539631,0.8373597575956105,0.00626378230984001,0.0011118365007205255,2,23,1.5543122344752192e-15,ok,
preserve_missing,1,0.01,36631,12211,108,48842,True,"LogisticRegression(solver='liblinear', max_iter=1000)",DemographicParity,expected_error_from_positive_probability,modern-fairlearn,0.16108401727595115,0.8389159827240489,0.8373597575956105,0.00624912634000066,0.0011118365007205255,2,23,1.3877787807814457e-16,ok,
preserve_missing,1,0.03162277660168379,36631,12211,108,48842,True,"LogisticRegression(solver='liblinear', max_iter=1000)",DemographicParity,expected_error_from_positive_probability,authors-code,0.15648048723163863,0.8435195127683613,0.8437474408320367,0.028276115981920147,0.04339016277783664,2,23,1.4988010832439613e-15,ok,
preserve_missing,1,0.03162277660168379,36631,12211,108,48842,True,"LogisticRegression(solver='liblinear', max_iter=1000)",DemographicParity,expected_error_from_positive_probability,modern-fairlearn,0.15645115331069312,0.8435488466893069,0.8437474408320367,0.028412140597256025,0.04339016277783664,2,23,2.7755575615628914e-17,ok,
preserve_missing,1,0.1,36631,12211,108,48842,True,"LogisticRegression(solver='liblinear', max_iter=1000)",DemographicParity,expected_error_from_positive_probability,authors-code,0.14651556221076656,0.8534844377892334,0.8537384325608058,0.09758825142429031,0.14982273206360208,2,32,2.7755575615628914e-17,ok,
preserve_missing,1,0.1,36631,12211,108,48842,True,"LogisticRegression(solver='liblinear', max_iter=1000)",DemographicParity,expected_error_from_positive_probability,modern-fairlearn,0.1468162681147784,0.8531837318852216,0.8533289656866759,0.09749624303156725,0.14871147737162085,2,28,1.3877787807814457e-15,ok,
preserve_missing,2,0.001,36631,12211,108,48842,True,"LogisticRegression(solver='liblinear', max_iter=1000)",DemographicParity,expected_error_from_positive_probability,authors-code,0.16630567312733258,0.8336943268726674,0.8343297027270494,0.0036301856061488613,0.002726781068908085,2,23,0.00045428094599833657,ok,
preserve_missing,2,0.001,36631,12211,108,48842,True,"LogisticRegression(solver='liblinear', max_iter=1000)",DemographicParity,expected_error_from_positive_probability,modern-fairlearn,0.1662627289910844,0.8337372710089156,0.8343297027270494,0.0035076675789570966,0.002726781068908085,2,20,0.00045100365569544776,ok,
preserve_missing,2,0.0031622776601683794,36631,12211,108,48842,True,"LogisticRegression(solver='liblinear', max_iter=1000)",DemographicParity,expected_error_from_positive_probability,authors-code,0.1656543719837538,0.8343456280162462,0.8342478093522234,0.0012137918563644434,0.0024812015011281274,2,20,5.467848396278896e-15,ok,
preserve_missing,2,0.0031622776601683794,36631,12211,108,48842,True,"LogisticRegression(solver='liblinear', max_iter=1000)",DemographicParity,expected_error_from_positive_probability,modern-fairlearn,0.16558380658215777,0.8344161934178422,0.8343297027270494,0.0011032202907810262,0.0022356219333481697,2,20,1.2323475573339238e-14,ok,
preserve_missing,2,0.01,36631,12211,108,48842,True,"LogisticRegression(solver='liblinear', max_iter=1000)",DemographicParity,expected_error_from_positive_probability,authors-code,0.16414900342394667,0.8358509965760533,0.8342478093522234,0.005390441913534494,0.002972360636688043,2,20,4.6629367034256575e-15,ok,
preserve_missing,2,0.01,36631,12211,108,48842,True,"LogisticRegression(solver='liblinear', max_iter=1000)",DemographicParity,expected_error_from_positive_probability,modern-fairlearn,0.16408754236618206,0.8359124576338179,0.8343297027270494,0.005420658049506949,0.002726781068908085,2,20,3.3029134982598407e-15,ok,
preserve_missing,2,0.03162277660168379,36631,12211,108,48842,True,"LogisticRegression(solver='liblinear', max_iter=1000)",DemographicParity,expected_error_from_positive_probability,authors-code,0.15983411193365787,0.8401658880663421,0.8403898124641717,0.025666676278208206,0.04013733869112576,2,23,0.0,ok,
preserve_missing,2,0.03162277660168379,36631,12211,108,48842,True,"LogisticRegression(solver='liblinear', max_iter=1000)",DemographicParity,expected_error_from_positive_probability,modern-fairlearn,0.15989942914424088,0.8401005708557592,0.8403079190893457,0.025618838722441223,0.04001447347426865,2,23,8.992806499463768e-15,ok,
preserve_missing,2,0.1,36631,12211,108,48842,True,"LogisticRegression(solver='liblinear', max_iter=1000)",DemographicParity,expected_error_from_positive_probability,authors-code,0.1505723554611949,0.8494276445388051,0.8487429366964213,0.09544436680546811,0.12439692851440987,2,32,0.0,ok,
preserve_missing,2,0.1,36631,12211,108,48842,True,"LogisticRegression(solver='liblinear', max_iter=1000)",DemographicParity,expected_error_from_positive_probability,modern-fairlearn,0.1506464675953447,0.8493535324046553,0.8486610433215953,0.09549158645709281,0.12402833286383855,2,32,0.0,ok,
preserve_missing,3,0.001,36631,12211,107,48842,True,"LogisticRegression(solver='liblinear', max_iter=1000)",DemographicParity,expected_error_from_positive_probability,authors-code,0.16730704457759638,0.8326929554224036,0.8344934894767013,0.0026323574528760996,0.011767784672378157,2,20,8.040790255847696e-14,ok,
preserve_missing,3,0.001,36631,12211,107,48842,True,"LogisticRegression(solver='liblinear', max_iter=1000)",DemographicParity,expected_error_from_positive_probability,modern-fairlearn,0.16736373740476432,0.8326362625952357,0.8344115961018753,0.002534422482943499,0.011521175547840545,2,23,5.662137425588298e-15,ok,
preserve_missing,3,0.0031622776601683794,36631,12211,107,48842,True,"LogisticRegression(solver='liblinear', max_iter=1000)",DemographicParity,expected_error_from_positive_probability,authors-code,0.166598943550193,0.833401056449807,0.8344934894767013,0.004688233806871611,0.011767784672378157,2,20,1.942890293094024e-16,ok,
preserve_missing,3,0.0031622776601683794,36631,12211,107,48842,True,"LogisticRegression(solver='liblinear', max_iter=1000)",DemographicParity,expected_error_from_positive_probability,modern-fairlearn,0.16657226831382468,0.8334277316861753,0.8344115961018753,0.0046793412732090145,0.011275957303603173,2,23,2.220446049250313e-16,ok,
preserve_missing,3,0.01,36631,12211,107,48842,True,"LogisticRegression(solver='liblinear', max_iter=1000)",DemographicParity,expected_error_from_positive_probability,authors-code,0.16467734697272537,0.8353226530272746,0.8344115961018753,0.011370895788887336,0.011275957303603173,2,23,0.0,ok,
preserve_missing,3,0.01,36631,12211,107,48842,True,"LogisticRegression(solver='liblinear', max_iter=1000)",DemographicParity,expected_error_from_positive_probability,modern-fairlearn,0.16463073701458372,0.8353692629854162,0.8344934894767013,0.011386888713792898,0.011398566425721873,2,23,1.6093256352711638e-05,ok,
preserve_missing,3,0.03162277660168379,36631,12211,107,48842,True,"LogisticRegression(solver='liblinear', max_iter=1000)",DemographicParity,expected_error_from_positive_probability,authors-code,0.1599152407280466,0.8400847592719534,0.8371140774711325,0.034003372682317484,0.02997513347915401,2,23,0.0001429805185737265,ok,
preserve_missing,3,0.03162277660168379,36631,12211,107,48842,True,"LogisticRegression(solver='liblinear', max_iter=1000)",DemographicParity,expected_error_from_positive_probability,modern-fairlearn,0.16023449375329685,0.8397655062467031,0.8372778642207845,0.033592352896317096,0.029360696988260354,2,23,0.00013442858665074775,ok,
preserve_missing,3,0.1,36631,12211,107,48842,True,"LogisticRegression(solver='liblinear', max_iter=1000)",DemographicParity,expected_error_from_positive_probability,authors-code,0.14773089127218292,0.8522691087278171,0.8523462451887642,0.0995057838906996,0.14996710265724655,2,32,0.0,ok,
preserve_missing,3,0.1,36631,12211,107,48842,True,"LogisticRegression(solver='liblinear', max_iter=1000)",DemographicParity,expected_error_from_positive_probability,modern-fairlearn,0.14772300353656467,0.8522769964634354,0.8523462451887642,0.09932672547192811,0.1495978844105903,2,24,1.3877787807814457e-15,ok,
preserve_missing,4,0.001,36631,12211,108,48842,True,"LogisticRegression(solver='liblinear', max_iter=1000)",DemographicParity,expected_error_from_positive_probability,authors-code,0.16418995977345302,0.8358100402265469,0.8358856768487429,0.0023733160408281606,0.0038798070481443625,2,23,0.00051070354848054,ok,
preserve_missing,4,0.001,36631,12211,108,48842,True,"LogisticRegression(solver='liblinear', max_iter=1000)",DemographicParity,expected_error_from_positive_probability,modern-fairlearn,0.164044680076134,0.8359553199238661,0.8359675702235689,0.002467276750994646,0.0037567906869683254,2,23,0.0005453091938483756,ok,
preserve_missing,4,0.0031622776601683794,36631,12211,108,48842,True,"LogisticRegression(solver='liblinear', max_iter=1000)",DemographicParity,expected_error_from_positive_probability,authors-code,0.1636015778921684,0.8363984221078316,0.8358856768487429,0.004382375641369812,0.0038798070481443625,2,23,0.0,ok,
preserve_missing,4,0.0031622776601683794,36631,12211,108,48842,True,"LogisticRegression(solver='liblinear', max_iter=1000)",DemographicParity,expected_error_from_positive_probability,modern-fairlearn,0.16368058498453633,0.8363194150154637,0.8358856768487429,0.004125628368538414,0.0038798070481443625,2,23,2.7755575615628914e-17,ok,
preserve_missing,4,0.01,36631,12211,108,48842,True,"LogisticRegression(solver='liblinear', max_iter=1000)",DemographicParity,expected_error_from_positive_probability,authors-code,0.16178181563659658,0.8382181843634035,0.8402260257145197,0.010879509496337675,0.027070832169821174,2,23,4.829470157119431e-15,ok,
preserve_missing,4,0.01,36631,12211,108,48842,True,"LogisticRegression(solver='liblinear', max_iter=1000)",DemographicParity,expected_error_from_positive_probability,modern-fairlearn,0.16180583443397137,0.8381941655660287,0.8402260257145197,0.01079407515831321,0.027070832169821174,2,23,0.0,ok,
preserve_missing,4,0.03162277660168379,36631,12211,108,48842,True,"LogisticRegression(solver='liblinear', max_iter=1000)",DemographicParity,expected_error_from_positive_probability,authors-code,0.15669562307264642,0.8433043769273536,0.8433379739579068,0.03135082268132397,0.047316848015847346,2,23,2.7755575615628914e-17,ok,
preserve_missing,4,0.03162277660168379,36631,12211,108,48842,True,"LogisticRegression(solver='liblinear', max_iter=1000)",DemographicParity,expected_error_from_positive_probability,modern-fairlearn,0.15659600499337945,0.8434039950066206,0.8434198673327328,0.03159328439619716,0.04756182596783168,2,23,0.0,ok,
preserve_missing,4,0.1,36631,12211,108,48842,True,"LogisticRegression(solver='liblinear', max_iter=1000)",DemographicParity,expected_error_from_positive_probability,authors-code,0.14622696189029255,0.8537730381097075,0.8539841126852837,0.0974440643332384,0.15315021635751147,2,28,0.0,ok,
preserve_missing,4,0.1,36631,12211,108,48842,True,"LogisticRegression(solver='liblinear', max_iter=1000)",DemographicParity,expected_error_from_positive_probability,modern-fairlearn,0.14622401510581995,0.85377598489418,0.8539841126852837,0.09750702445534055,0.15315021635751147,2,28,0.0,ok,
preserve_missing,5,0.001,36631,12211,108,48842,True,"LogisticRegression(solver='liblinear', max_iter=1000)",DemographicParity,expected_error_from_positive_probability,authors-code,0.16281843313876565,0.8371815668612343,0.8397346654655639,0.004350988404143358,0.017447964638274943,2,23,2.1140192432794747e-05,ok,
preserve_missing,5,0.001,36631,12211,108,48842,True,"LogisticRegression(solver='liblinear', max_iter=1000)",DemographicParity,expected_error_from_positive_probability,modern-fairlearn,0.16280788314453276,0.8371921168554672,0.8397346654655639,0.004372294487946404,0.017447964638274943,2,23,2.114019243315557e-05,ok,
preserve_missing,5,0.0031622776601683794,36631,12211,108,48842,True,"LogisticRegression(solver='liblinear', max_iter=1000)",DemographicParity,expected_error_from_positive_probability,authors-code,0.1621399479350767,0.8378600520649233,0.8397346654655639,0.006289319610630173,0.017447964638274943,2,23,2.0842974327722752e-05,ok,
preserve_missing,5,0.0031622776601683794,36631,12211,108,48842,True,"LogisticRegression(solver='liblinear', max_iter=1000)",DemographicParity,expected_error_from_positive_probability,modern-fairlearn,0.16213008910435858,0.8378699108956414,0.8397346654655639,0.006304342816433495,0.017447964638274943,2,23,2.1368715245273506e-05,ok,
preserve_missing,5,0.01,36631,12211,108,48842,True,"LogisticRegression(solver='liblinear', max_iter=1000)",DemographicParity,expected_error_from_positive_probability,authors-code,0.16002424967176768,0.8399757503282324,0.8397346654655639,0.012558918806191227,0.017447964638274943,2,23,0.00017867604958854422,ok,
preserve_missing,5,0.01,36631,12211,108,48842,True,"LogisticRegression(solver='liblinear', max_iter=1000)",DemographicParity,expected_error_from_positive_probability,modern-fairlearn,0.16002424967176754,0.8399757503282325,0.8397346654655639,0.012558918806191532,0.017447964638274943,2,23,0.00017867604958909933,ok,
preserve_missing,5,0.03162277660168379,36631,12211,108,48842,True,"LogisticRegression(solver='liblinear', max_iter=1000)",DemographicParity,expected_error_from_positive_probability,authors-code,0.15584716515588815,0.8441528348441119,0.8422733600851691,0.03493893729976577,0.03124540910762802,2,23,0.00020113183218867237,ok,
preserve_missing,5,0.03162277660168379,36631,12211,108,48842,True,"LogisticRegression(solver='liblinear', max_iter=1000)",DemographicParity,expected_error_from_positive_probability,modern-fairlearn,0.15547616009348322,0.8445238399065168,0.8422733600851691,0.03497809910346508,0.03124540910762802,2,23,0.00021659285680911133,ok,
preserve_missing,5,0.1,36631,12211,108,48842,True,"LogisticRegression(solver='liblinear', max_iter=1000)",DemographicParity,expected_error_from_positive_probability,authors-code,0.1500426255018997,0.8499573744981003,0.8498075505691589,0.10241265648469328,0.18218980222087466,2,32,0.0,ok,
preserve_missing,5,0.1,36631,12211,108,48842,True,"LogisticRegression(solver='liblinear', max_iter=1000)",DemographicParity,expected_error_from_positive_probability,modern-fairlearn,0.14927683938234962,0.8507231606176504,0.8511178445663746,0.10220111086282072,0.14014173950630246,2,32,0.0,ok,
preserve_missing,6,0.001,36631,12211,107,48842,True,"LogisticRegression(solver='liblinear', max_iter=1000)",DemographicParity,expected_error_from_positive_probability,authors-code,0.16667753005687747,0.8333224699431225,0.8343297027270494,0.005146863612235236,0.012194588415655877,2,20,2.7755575615628914e-17,ok,
preserve_missing,6,0.001,36631,12211,107,48842,True,"LogisticRegression(solver='liblinear', max_iter=1000)",DemographicParity,expected_error_from_positive_probability,modern-fairlearn,0.16661227106613402,0.833387728933866,0.8344934894767013,0.005184207263544183,0.012695214197883664,2,20,8.326672684688674e-17,ok,
preserve_missing,6,0.0031622776601683794,36631,12211,107,48842,True,"LogisticRegression(solver='liblinear', max_iter=1000)",DemographicParity,expected_error_from_positive_probability,authors-code,0.16592581433704595,0.8340741856629541,0.8344934894767013,0.007268600576871426,0.012695214197883664,2,20,1.1945999744966684e-13,ok,
preserve_missing,6,0.0031622776601683794,36631,12211,107,48842,True,"LogisticRegression(solver='liblinear', max_iter=1000)",DemographicParity,expected_error_from_positive_probability,modern-fairlearn,0.16599743326229277,0.8340025667377072,0.8344115961018753,0.007374841093657242,0.012816927927192329,2,20,0.0,ok,
preserve_missing,6,0.01,36631,12211,107,48842,True,"LogisticRegression(solver='liblinear', max_iter=1000)",DemographicParity,expected_error_from_positive_probability,authors-code,0.16356344878764956,0.8364365512123504,0.8366227172221767,0.01487113608940116,0.022955818677923845,2,20,0.0,ok,
preserve_missing,6,0.01,36631,12211,107,48842,True,"LogisticRegression(solver='liblinear', max_iter=1000)",DemographicParity,expected_error_from_positive_probability,modern-fairlearn,0.16358070960268645,0.8364192903973136,0.8366227172221767,0.014817882558464252,0.022955818677923845,2,20,0.0003178092999963078,ok,
preserve_missing,6,0.03162277660168379,36631,12211,107,48842,True,"LogisticRegression(solver='liblinear', max_iter=1000)",DemographicParity,expected_error_from_positive_probability,authors-code,0.15988961292565398,0.840110387074346,0.8410449594627795,0.03660049657204578,0.06259741668322014,2,23,6.150454892919766e-05,ok,
preserve_missing,6,0.03162277660168379,36631,12211,107,48842,True,"LogisticRegression(solver='liblinear', max_iter=1000)",DemographicParity,expected_error_from_positive_probability,modern-fairlearn,0.1598579992747271,0.8401420007252729,0.8410449594627795,0.03667169195117381,0.06259741668322014,2,23,4.163336342344337e-15,ok,
preserve_missing,6,0.1,36631,12211,107,48842,True,"LogisticRegression(solver='liblinear', max_iter=1000)",DemographicParity,expected_error_from_positive_probability,authors-code,0.15106922466728562,0.8489307753327144,0.8489067234460732,0.10976364143279257,0.16249376959758605,2,28,0.0,ok,
preserve_missing,6,0.1,36631,12211,107,48842,True,"LogisticRegression(solver='liblinear', max_iter=1000)",DemographicParity,expected_error_from_positive_probability,modern-fairlearn,0.15114602183330222,0.8488539781666977,0.8488248300712472,0.10965364089110057,0.16224345670647217,2,32,0.0,ok,
preserve_missing,7,0.001,36631,12211,108,48842,True,"LogisticRegression(solver='liblinear', max_iter=1000)",DemographicParity,expected_error_from_positive_probability,authors-code,0.16700572287782975,0.8329942771221702,0.8330194087298337,0.006898566305856002,0.010197068375398993,2,20,7.42352361244869e-05,ok,
preserve_missing,7,0.001,36631,12211,108,48842,True,"LogisticRegression(solver='liblinear', max_iter=1000)",DemographicParity,expected_error_from_positive_probability,modern-fairlearn,0.1669060457610978,0.8330939542389022,0.8331013021046597,0.006925957167083413,0.010319482379561068,2,20,8.253412652459158e-05,ok,
preserve_missing,7,0.0031622776601683794,36631,12211,108,48842,True,"LogisticRegression(solver='liblinear', max_iter=1000)",DemographicParity,expected_error_from_positive_probability,authors-code,0.16673391215124178,0.8332660878487582,0.8330194087298337,0.0052647347439771786,0.010197068375398993,2,20,2.7755575615628914e-17,ok,
preserve_missing,7,0.0031622776601683794,36631,12211,108,48842,True,"LogisticRegression(solver='liblinear', max_iter=1000)",DemographicParity,expected_error_from_positive_probability,modern-fairlearn,0.166737598671361,0.8332624013286389,0.8330194087298337,0.005288003052062867,0.010197068375398993,2,20,0.0,ok,
preserve_missing,7,0.01,36631,12211,108,48842,True,"LogisticRegression(solver='liblinear', max_iter=1000)",DemographicParity,expected_error_from_positive_probability,authors-code,0.1657578843414146,0.8342421156585854,0.8330194087298337,0.0008956862071139715,0.010197068375398993,2,20,1.0547118733938987e-15,ok,
preserve_missing,7,0.01,36631,12211,108,48842,True,"LogisticRegression(solver='liblinear', max_iter=1000)",DemographicParity,expected_error_from_positive_probability,modern-fairlearn,0.16574656781509828,0.8342534321849018,0.8330194087298337,0.0009671130303162967,0.010197068375398993,2,20,0.0,ok,
preserve_missing,7,0.03162277660168379,36631,12211,108,48842,True,"LogisticRegression(solver='liblinear', max_iter=1000)",DemographicParity,expected_error_from_positive_probability,authors-code,0.162715194539356,0.837284805460644,0.8374416509704365,0.020304462895321312,0.03242075237791173,2,23,5.61633446649612e-06,ok,
preserve_missing,7,0.03162277660168379,36631,12211,108,48842,True,"LogisticRegression(solver='liblinear', max_iter=1000)",DemographicParity,expected_error_from_positive_probability,modern-fairlearn,0.1626313544792835,0.8373686455207165,0.8375235443452624,0.020287326693789465,0.03229833837374965,2,23,1.8721706756014145e-05,ok,
preserve_missing,7,0.1,36631,12211,108,48842,True,"LogisticRegression(solver='liblinear', max_iter=1000)",DemographicParity,expected_error_from_positive_probability,authors-code,0.1535294334880593,0.8464705665119407,0.8454672017033822,0.09062875954068966,0.1109224728064952,2,28,1.3877787807814457e-16,ok,
preserve_missing,7,0.1,36631,12211,108,48842,True,"LogisticRegression(solver='liblinear', max_iter=1000)",DemographicParity,expected_error_from_positive_probability,modern-fairlearn,0.15347902432246463,0.8465209756775354,0.8455490950782082,0.09061358855741287,0.11080005880233312,2,28,0.0,ok,
preserve_missing,8,0.001,36631,12211,108,48842,True,"LogisticRegression(solver='liblinear', max_iter=1000)",DemographicParity,expected_error_from_positive_probability,authors-code,0.16745123709192583,0.8325487629080741,0.8358037834739169,0.0033740702813142565,0.009356825906471383,2,23,0.0004564955242828683,ok,
preserve_missing,8,0.001,36631,12211,108,48842,True,"LogisticRegression(solver='liblinear', max_iter=1000)",DemographicParity,expected_error_from_positive_probability,modern-fairlearn,0.1674555792376899,0.8325444207623101,0.835721890099091,0.003316621658626062,0.009116036115958487,2,23,0.000385412139950303,ok,
preserve_missing,8,0.0031622776601683794,36631,12211,108,48842,True,"LogisticRegression(solver='liblinear', max_iter=1000)",DemographicParity,expected_error_from_positive_probability,authors-code,0.16679396455073975,0.8332060354492603,0.835721890099091,0.0011588007096849928,0.009480926179491977,2,23,0.00045649552428272955,ok,
preserve_missing,8,0.0031622776601683794,36631,12211,108,48842,True,"LogisticRegression(solver='liblinear', max_iter=1000)",DemographicParity,expected_error_from_positive_probability,modern-fairlearn,0.16675342950660693,0.8332465704933931,0.8358037834739169,0.0011127355411727768,0.009721715970004846,2,23,0.00043640271670272734,ok,
preserve_missing,8,0.01,36631,12211,108,48842,True,"LogisticRegression(solver='liblinear', max_iter=1000)",DemographicParity,expected_error_from_positive_probability,authors-code,0.1644944248261706,0.8355055751738294,0.835721890099091,0.0056218624214932345,0.009480926179491977,2,23,0.00045589435343482143,ok,
preserve_missing,8,0.01,36631,12211,108,48842,True,"LogisticRegression(solver='liblinear', max_iter=1000)",DemographicParity,expected_error_from_positive_probability,modern-fairlearn,0.16443036241540174,0.8355696375845982,0.8358037834739169,0.00572603778558331,0.009721715970004846,2,23,0.0004556752602480063,ok,
preserve_missing,8,0.03162277660168379,36631,12211,108,48842,True,"LogisticRegression(solver='liblinear', max_iter=1000)",DemographicParity,expected_error_from_positive_probability,authors-code,0.15853591666003766,0.8414640833399624,0.8416182130865613,0.030011913105745608,0.04645339468482684,2,23,6.661338147750939e-16,ok,
preserve_missing,8,0.03162277660168379,36631,12211,108,48842,True,"LogisticRegression(solver='liblinear', max_iter=1000)",DemographicParity,expected_error_from_positive_probability,modern-fairlearn,0.15873130538629468,0.8412686946137053,0.8420276799606912,0.02907727320466838,0.04888352485654063,2,23,1.3877787807814457e-15,ok,
preserve_missing,8,0.1,36631,12211,108,48842,True,"LogisticRegression(solver='liblinear', max_iter=1000)",DemographicParity,expected_error_from_positive_probability,authors-code,0.14880026205879943,0.8511997379412006,0.8511997379412005,0.09658051335726298,0.14884317209740577,2,32,0.0,ok,
preserve_missing,8,0.1,36631,12211,108,48842,True,"LogisticRegression(solver='liblinear', max_iter=1000)",DemographicParity,expected_error_from_positive_probability,modern-fairlearn,0.14883599824157154,0.8511640017584284,0.8512816313160265,0.0965922351507608,0.14871907182438515,2,32,0.0,ok,
preserve_missing,9,0.001,36631,12211,108,48842,True,"LogisticRegression(solver='liblinear', max_iter=1000)",DemographicParity,expected_error_from_positive_probability,authors-code,0.16635597713036393,0.833644022869636,0.8353124232249611,0.00018818924480282218,0.006089010126246519,2,23,0.00035520781338496676,ok,
preserve_missing,9,0.001,36631,12211,108,48842,True,"LogisticRegression(solver='liblinear', max_iter=1000)",DemographicParity,expected_error_from_positive_probability,modern-fairlearn,0.16630568911724183,0.8336943108827581,0.8353124232249611,6.093908472817877e-05,0.006089010126246519,2,23,0.00036671441494323664,ok,
preserve_missing,9,0.0031622776601683794,36631,12211,108,48842,True,"LogisticRegression(solver='liblinear', max_iter=1000)",DemographicParity,expected_error_from_positive_probability,authors-code,0.16550616588377182,0.8344938341162282,0.835394316599787,0.0018398323406990658,0.006212634801731731,2,23,0.0003623426026915233,ok,
preserve_missing,9,0.0031622776601683794,36631,12211,108,48842,True,"LogisticRegression(solver='liblinear', max_iter=1000)",DemographicParity,expected_error_from_positive_probability,modern-fairlearn,0.16555961148901385,0.8344403885109861,0.8353124232249611,0.0018315109960128084,0.006089010126246519,2,23,0.00032769879697225335,ok,
preserve_missing,9,0.01,36631,12211,108,48842,True,"LogisticRegression(solver='liblinear', max_iter=1000)",DemographicParity,expected_error_from_positive_probability,authors-code,0.1635356173317868,0.8364643826682132,0.8362132503480468,0.009509886437526649,0.013289892546103882,2,23,6.938893903907228e-16,ok,
preserve_missing,9,0.01,36631,12211,108,48842,True,"LogisticRegression(solver='liblinear', max_iter=1000)",DemographicParity,expected_error_from_positive_probability,modern-fairlearn,0.16346424766292852,0.8365357523370714,0.8362951437228728,0.009356643217185018,0.013047291866821992,2,23,1.6653345369377348e-16,ok,
preserve_missing,9,0.03162277660168379,36631,12211,108,48842,True,"LogisticRegression(solver='liblinear', max_iter=1000)",DemographicParity,expected_error_from_positive_probability,authors-code,0.15853657035700253,0.8414634296429975,0.8412906395872574,0.029281102250031388,0.04302852502925816,2,26,4.440892098500626e-16,ok,
preserve_missing,9,0.03162277660168379,36631,12211,108,48842,True,"LogisticRegression(solver='liblinear', max_iter=1000)",DemographicParity,expected_error_from_positive_probability,modern-fairlearn,0.15852065066690413,0.8414793493330959,0.8412906395872574,0.02935273386453424,0.04302852502925816,2,26,0.0,ok,
preserve_missing,9,0.1,36631,12211,108,48842,True,"LogisticRegression(solver='liblinear', max_iter=1000)",DemographicParity,expected_error_from_positive_probability,authors-code,0.1471266307899722,0.8528733692100278,0.8512816313160265,0.09468020826987601,0.11307243068365645,2,32,2.7755575615628914e-17,ok,
preserve_missing,9,0.1,36631,12211,108,48842,True,"LogisticRegression(solver='liblinear', max_iter=1000)",DemographicParity,expected_error_from_positive_probability,modern-fairlearn,0.14699116311017354,0.8530088368898264,0.8515273114405044,0.09459724019706485,0.1124636046496074,2,32,0.0,ok,
complete_case,0,0.001,33916,11306,104,45222,True,"LogisticRegression(solver='liblinear', max_iter=1000)",DemographicParity,expected_error_from_positive_probability,authors-code,0.174409046084538,0.825590953915462,0.8269945161860959,0.0006270882414988188,0.007360110429306871,2,20,0.000536101196501354,ok,
complete_case,0,0.001,33916,11306,104,45222,True,"LogisticRegression(solver='liblinear', max_iter=1000)",DemographicParity,expected_error_from_positive_probability,modern-fairlearn,0.17442316724640694,0.8255768327535931,0.8269945161860959,0.0005779365892207289,0.007360110429306871,2,20,0.0004530448659634534,ok,
complete_case,0,0.0031622776601683794,33916,11306,104,45222,True,"LogisticRegression(solver='liblinear', max_iter=1000)",DemographicParity,expected_error_from_positive_probability,authors-code,0.1737202601087814,0.8262797398912186,0.8269945161860959,0.002772867754207625,0.007360110429306871,2,20,0.000478744983251983,ok,
complete_case,0,0.0031622776601683794,33916,11306,104,45222,True,"LogisticRegression(solver='liblinear', max_iter=1000)",DemographicParity,expected_error_from_positive_probability,modern-fairlearn,0.17371822587657484,0.8262817741234252,0.8269945161860959,0.0027766108637070075,0.007360110429306871,2,20,0.00045304486596328686,ok,
complete_case,0,0.01,33916,11306,104,45222,True,"LogisticRegression(solver='liblinear', max_iter=1000)",DemographicParity,expected_error_from_positive_probability,authors-code,0.17235237025683126,0.8276476297431687,0.8266407217406687,0.009609337728256728,0.00654812178249678,2,20,6.938893903907228e-16,ok,
complete_case,0,0.01,33916,11306,104,45222,True,"LogisticRegression(solver='liblinear', max_iter=1000)",DemographicParity,expected_error_from_positive_probability,modern-fairlearn,0.17219197972268324,0.8278080202773168,0.8268176189633822,0.009859389490401993,0.006954116105901825,2,20,1.0269562977782698e-15,ok,
complete_case,0,0.03162277660168379,33916,11306,104,45222,True,"LogisticRegression(solver='liblinear', max_iter=1000)",DemographicParity,expected_error_from_positive_probability,authors-code,0.1676688357464721,0.8323311642535279,0.8278790022996639,0.03204220631775348,0.010807004389593672,2,23,6.38378239159465e-16,ok,
complete_case,0,0.03162277660168379,33916,11306,104,45222,True,"LogisticRegression(solver='liblinear', max_iter=1000)",DemographicParity,expected_error_from_positive_probability,modern-fairlearn,0.16752161515239836,0.8324783848476016,0.8280558995223775,0.03197385748010942,0.010546587722926992,2,23,0.0,ok,
complete_case,0,0.1,33916,11306,104,45222,True,"LogisticRegression(solver='liblinear', max_iter=1000)",DemographicParity,expected_error_from_positive_probability,authors-code,0.1615943907313044,0.8384056092686956,0.8384043870511233,0.09806071853614433,0.1446207368082368,2,32,0.0,ok,
complete_case,0,0.1,33916,11306,104,45222,True,"LogisticRegression(solver='liblinear', max_iter=1000)",DemographicParity,expected_error_from_positive_probability,modern-fairlearn,0.161270423208102,0.838729576791898,0.8387581814965505,0.0978323446248998,0.14566240347490347,2,32,0.0,ok,
complete_case,1,0.001,33916,11306,104,45222,True,"LogisticRegression(solver='liblinear', max_iter=1000)",DemographicParity,expected_error_from_positive_probability,authors-code,0.1699559636322834,0.8300440363677166,0.8274367592428798,0.004738189383318048,0.002618819552374002,2,23,3.0142555118573e-14,ok,
complete_case,1,0.001,33916,11306,104,45222,True,"LogisticRegression(solver='liblinear', max_iter=1000)",DemographicParity,expected_error_from_positive_probability,modern-fairlearn,0.1706890926288556,0.8293109073711444,0.827348310631523,0.004460386514161946,0.002486980396144589,2,20,2.7755575615628914e-17,ok,
complete_case,1,0.0031622776601683794,33916,11306,104,45222,True,"LogisticRegression(solver='liblinear', max_iter=1000)",DemographicParity,expected_error_from_positive_probability,authors-code,0.16917051787367673,0.8308294821263232,0.8328321245356448,0.006709473146155082,0.01741545295926822,2,23,0.0,ok,
complete_case,1,0.0031622776601683794,33916,11306,104,45222,True,"LogisticRegression(solver='liblinear', max_iter=1000)",DemographicParity,expected_error_from_positive_probability,modern-fairlearn,0.16918163222411223,0.8308183677758878,0.8328321245356448,0.006501861049593244,0.01741545295926822,2,23,1.3579504254179753e-05,ok,
complete_case,1,0.01,33916,11306,104,45222,True,"LogisticRegression(solver='liblinear', max_iter=1000)",DemographicParity,expected_error_from_positive_probability,authors-code,0.16681231014155687,0.8331876898584432,0.8328321245356448,0.013247462601647914,0.01741545295926822,2,23,1.990074771640593e-14,ok,
complete_case,1,0.01,33916,11306,104,45222,True,"LogisticRegression(solver='liblinear', max_iter=1000)",DemographicParity,expected_error_from_positive_probability,modern-fairlearn,0.16681231014155687,0.8331876898584432,0.8328321245356448,0.01324746260164772,0.01741545295926822,2,23,1.6653345369377348e-16,ok,
complete_case,1,0.03162277660168379,33916,11306,104,45222,True,"LogisticRegression(solver='liblinear', max_iter=1000)",DemographicParity,expected_error_from_positive_probability,authors-code,0.16213159976788902,0.837868400232111,0.8375199009375552,0.034307426971787874,0.04783451262826727,2,26,4.3576253716537394e-15,ok,
complete_case,1,0.03162277660168379,33916,11306,104,45222,True,"LogisticRegression(solver='liblinear', max_iter=1000)",DemographicParity,expected_error_from_positive_probability,modern-fairlearn,0.16220194861071394,0.8377980513892861,0.8374314523261985,0.03420990137072563,0.047565767667235276,2,26,2.7755575615628914e-17,ok,
complete_case,1,0.1,33916,11306,104,45222,True,"LogisticRegression(solver='liblinear', max_iter=1000)",DemographicParity,expected_error_from_positive_probability,authors-code,0.15397056449389013,0.8460294355061099,0.8470723509640898,0.09883639381701786,0.15697621704530418,2,28,1.3877787807814457e-16,ok,
complete_case,1,0.1,33916,11306,104,45222,True,"LogisticRegression(solver='liblinear', max_iter=1000)",DemographicParity,expected_error_from_positive_probability,modern-fairlearn,0.15392158012003843,0.8460784198799616,0.8470723509640898,0.0985247376493508,0.15697621704530418,2,32,1.3877787807814457e-15,ok,
complete_case,2,0.001,33916,11306,104,45222,True,"LogisticRegression(solver='liblinear', max_iter=1000)",DemographicParity,expected_error_from_positive_probability,authors-code,0.17588257901544718,0.8241174209845528,0.822925880063683,0.0013514527290117706,0.004292422791840139,2,20,7.537114779601617e-05,ok,
complete_case,2,0.001,33916,11306,104,45222,True,"LogisticRegression(solver='liblinear', max_iter=1000)",DemographicParity,expected_error_from_positive_probability,modern-fairlearn,0.1763701725293903,0.8236298274706098,0.8262869272952414,0.0004044291414842527,0.013401231171779215,2,23,0.00013847956944354478,ok,
complete_case,2,0.0031622776601683794,33916,11306,104,45222,True,"LogisticRegression(solver='liblinear', max_iter=1000)",DemographicParity,expected_error_from_positive_probability,authors-code,0.17572883595385694,0.8242711640461431,0.8262869272952414,0.0025453345946095107,0.013401231171779215,2,20,0.00010245794337321312,ok,
complete_case,2,0.0031622776601683794,33916,11306,104,45222,True,"LogisticRegression(solver='liblinear', max_iter=1000)",DemographicParity,expected_error_from_positive_probability,modern-fairlearn,0.17572956563481093,0.8242704343651891,0.8262869272952414,0.0025429452615707004,0.013401231171779215,2,23,0.00020169622257154574,ok,
complete_case,2,0.01,33916,11306,104,45222,True,"LogisticRegression(solver='liblinear', max_iter=1000)",DemographicParity,expected_error_from_positive_probability,authors-code,0.1736736985610168,0.8263263014389832,0.8262869272952414,0.009335034469208192,0.013401231171779215,2,23,2.7755575615628914e-17,ok,
complete_case,2,0.01,33916,11306,104,45222,True,"LogisticRegression(solver='liblinear', max_iter=1000)",DemographicParity,expected_error_from_positive_probability,modern-fairlearn,0.17367369856101672,0.8263263014389832,0.8262869272952414,0.009335034469208608,0.013401231171779215,2,23,3.1002977962657496e-14,ok,
complete_case,2,0.03162277660168379,33916,11306,104,45222,True,"LogisticRegression(solver='liblinear', max_iter=1000)",DemographicParity,expected_error_from_positive_probability,authors-code,0.16901067659151836,0.8309893234084816,0.8310631523085088,0.031724943012465756,0.04701282723306921,2,23,1.304512053934559e-15,ok,
complete_case,2,0.03162277660168379,33916,11306,104,45222,True,"LogisticRegression(solver='liblinear', max_iter=1000)",DemographicParity,expected_error_from_positive_probability,modern-fairlearn,0.1690054979951908,0.8309945020048092,0.8310631523085088,0.03175511156616362,0.04701282723306921,2,23,2.7755575615628914e-17,ok,
complete_case,2,0.1,33916,11306,104,45222,True,"LogisticRegression(solver='liblinear', max_iter=1000)",DemographicParity,expected_error_from_positive_probability,authors-code,0.15864386889113352,0.8413561311088664,0.8394657703874049,0.10698728779363594,0.1291401147418597,2,32,0.0,ok,
complete_case,2,0.1,33916,11306,104,45222,True,"LogisticRegression(solver='liblinear', max_iter=1000)",DemographicParity,expected_error_from_positive_probability,modern-fairlearn,0.15822173322047434,0.8417782667795257,0.8406156023350433,0.10702474271595311,0.13631270839019163,2,24,0.0,ok,
complete_case,3,0.001,33916,11306,104,45222,True,"LogisticRegression(solver='liblinear', max_iter=1000)",DemographicParity,expected_error_from_positive_probability,authors-code,0.17303534605873014,0.8269646539412698,0.825137095347603,0.003938839223651153,0.016272652471452376,2,23,1.9290125052862095e-14,ok,
complete_case,3,0.001,33916,11306,104,45222,True,"LogisticRegression(solver='liblinear', max_iter=1000)",DemographicParity,expected_error_from_positive_probability,modern-fairlearn,0.17306654687499934,0.8269334531250007,0.825137095347603,0.00379231077376746,0.015606588819476908,2,20,8.881784197001252e-16,ok,
complete_case,3,0.0031622776601683794,33916,11306,104,45222,True,"LogisticRegression(solver='liblinear', max_iter=1000)",DemographicParity,expected_error_from_positive_probability,authors-code,0.172207554598231,0.827792445401769,0.8253139925703167,0.0009833361229128479,0.01586748107097702,2,23,6.689093723366568e-15,ok,
complete_case,3,0.0031622776601683794,33916,11306,104,45222,True,"LogisticRegression(solver='liblinear', max_iter=1000)",DemographicParity,expected_error_from_positive_probability,modern-fairlearn,0.17225596595781573,0.8277440340421842,0.825137095347603,0.0009131993583637033,0.016272652471452376,2,23,3.635980405647388e-15,ok,
complete_case,3,0.01,33916,11306,104,45222,True,"LogisticRegression(solver='liblinear', max_iter=1000)",DemographicParity,expected_error_from_positive_probability,authors-code,0.17004757576844282,0.8299524242315572,0.8319476384220768,0.0076600159280375835,0.022720633136756263,2,23,2.7755575615628914e-17,ok,
complete_case,3,0.01,33916,11306,104,45222,True,"LogisticRegression(solver='liblinear', max_iter=1000)",DemographicParity,expected_error_from_positive_probability,modern-fairlearn,0.17002167208466623,0.8299783279153338,0.8319476384220768,0.007760576897197974,0.022720633136756263,2,20,1.6653345369377348e-16,ok,
complete_case,3,0.03162277660168379,33916,11306,104,45222,True,"LogisticRegression(solver='liblinear', max_iter=1000)",DemographicParity,expected_error_from_positive_probability,authors-code,0.16363433882782383,0.8363656611721761,0.8361047231558465,0.030029630485470804,0.04227758935559614,2,26,2.7755575615628914e-17,ok,
complete_case,3,0.03162277660168379,33916,11306,104,45222,True,"LogisticRegression(solver='liblinear', max_iter=1000)",DemographicParity,expected_error_from_positive_probability,modern-fairlearn,0.1636185894917855,0.8363814105082145,0.8361047231558465,0.030111922843106653,0.04227758935559614,2,26,4.85722573273506e-15,ok,
complete_case,3,0.1,33916,11306,104,45222,True,"LogisticRegression(solver='liblinear', max_iter=1000)",DemographicParity,expected_error_from_positive_probability,authors-code,0.15534363385574002,0.84465636614426,0.8439766495666018,0.09880503385837043,0.122406774024306,2,32,1.3877787807814457e-16,ok,
complete_case,3,0.1,33916,11306,104,45222,True,"LogisticRegression(solver='liblinear', max_iter=1000)",DemographicParity,expected_error_from_positive_probability,modern-fairlearn,0.15638976367177743,0.8436102363282225,0.8435344065098178,0.10093229178958447,0.14764207876652435,2,32,0.0,ok,
complete_case,4,0.001,33916,11306,104,45222,True,"LogisticRegression(solver='liblinear', max_iter=1000)",DemographicParity,expected_error_from_positive_probability,authors-code,0.17306964468827532,0.8269303553117247,0.8247833009021759,0.0019330552327197215,0.01109904219072394,2,20,5.029310301551959e-14,ok,
complete_case,4,0.001,33916,11306,104,45222,True,"LogisticRegression(solver='liblinear', max_iter=1000)",DemographicParity,expected_error_from_positive_probability,modern-fairlearn,0.1731411115439494,0.8268588884560506,0.8285865911905184,0.0021827765135177257,0.015423298220344245,2,20,2.7755575615628914e-17,ok,
complete_case,4,0.0031622776601683794,33916,11306,104,45222,True,"LogisticRegression(solver='liblinear', max_iter=1000)",DemographicParity,expected_error_from_positive_probability,authors-code,0.17257348790719806,0.8274265120928019,0.8247833009021759,0.004120434177617288,0.01109904219072394,2,20,1.854137986484483e-05,ok,
complete_case,4,0.0031622776601683794,33916,11306,104,45222,True,"LogisticRegression(solver='liblinear', max_iter=1000)",DemographicParity,expected_error_from_positive_probability,modern-fairlearn,0.17270460875937502,0.827295391240625,0.8285865911905184,0.004275847787244658,0.015423298220344245,2,20,0.0,ok,
complete_case,4,0.01,33916,11306,104,45222,True,"LogisticRegression(solver='liblinear', max_iter=1000)",DemographicParity,expected_error_from_positive_probability,authors-code,0.17108886600294265,0.8289111339970574,0.8305324606403679,0.011009081265252851,0.02695263873677184,2,20,1.915134717478395e-15,ok,
complete_case,4,0.01,33916,11306,104,45222,True,"LogisticRegression(solver='liblinear', max_iter=1000)",DemographicParity,expected_error_from_positive_probability,modern-fairlearn,0.17117593201861808,0.8288240679813819,0.8285865911905184,0.011391000385183647,0.015423298220344245,2,20,0.0,ok,
complete_case,4,0.03162277660168379,33916,11306,104,45222,True,"LogisticRegression(solver='liblinear', max_iter=1000)",DemographicParity,expected_error_from_positive_probability,authors-code,0.16597432877790036,0.8340256712220997,0.8306209092517247,0.03245429507749681,0.027082965857845726,2,23,4.440892098500626e-16,ok,
complete_case,4,0.03162277660168379,33916,11306,104,45222,True,"LogisticRegression(solver='liblinear', max_iter=1000)",DemographicParity,expected_error_from_positive_probability,modern-fairlearn,0.16606109151194917,0.8339389084880509,0.8305324606403679,0.03244929892295009,0.02695263873677184,2,23,0.0,ok,
complete_case,4,0.1,33916,11306,104,45222,True,"LogisticRegression(solver='liblinear', max_iter=1000)",DemographicParity,expected_error_from_positive_probability,authors-code,0.15302483864132208,0.8469751613586779,0.8460109676278083,0.10558369314693385,0.1285292668688692,2,32,0.0,ok,
complete_case,4,0.1,33916,11306,104,45222,True,"LogisticRegression(solver='liblinear', max_iter=1000)",DemographicParity,expected_error_from_positive_probability,modern-fairlearn,0.15302164348301595,0.846978356516984,0.8460109676278083,0.10553928015372122,0.12826861262672143,2,32,2.7755575615628914e-17,ok,
complete_case,5,0.001,33916,11306,104,45222,True,"LogisticRegression(solver='liblinear', max_iter=1000)",DemographicParity,expected_error_from_positive_probability,authors-code,0.16784282121356564,0.8321571787864344,0.8321245356447904,0.008978340813022206,0.013154210700646318,2,23,3.6914915568786455e-15,ok,
complete_case,5,0.001,33916,11306,104,45222,True,"LogisticRegression(solver='liblinear', max_iter=1000)",DemographicParity,expected_error_from_positive_probability,modern-fairlearn,0.1678298716201741,0.832170128379826,0.8321245356447904,0.009043352084115469,0.013154210700646318,2,23,0.0,ok,
complete_case,5,0.0031622776601683794,33916,11306,104,45222,True,"LogisticRegression(solver='liblinear', max_iter=1000)",DemographicParity,expected_error_from_positive_probability,authors-code,0.1673764578069397,0.8326235421930603,0.8321245356447904,0.011319640415207305,0.013154210700646318,2,23,8.326672684688674e-16,ok,
complete_case,5,0.0031622776601683794,33916,11306,104,45222,True,"LogisticRegression(solver='liblinear', max_iter=1000)",DemographicParity,expected_error_from_positive_probability,modern-fairlearn,0.1673818832105596,0.8326181167894404,0.8321245356447904,0.011292403082353575,0.013154210700646318,2,23,0.0,ok,
complete_case,5,0.01,33916,11306,104,45222,True,"LogisticRegression(solver='liblinear', max_iter=1000)",DemographicParity,expected_error_from_positive_probability,authors-code,0.16590947311561702,0.834090526884383,0.8354855828763489,0.018684392077551903,0.03833539525126617,2,23,2.7755575615628914e-17,ok,
complete_case,5,0.01,33916,11306,104,45222,True,"LogisticRegression(solver='liblinear', max_iter=1000)",DemographicParity,expected_error_from_positive_probability,modern-fairlearn,0.1659039917083979,0.8340960082916021,0.8354855828763489,0.018711910567123097,0.03833539525126617,2,23,1.2212453270876722e-15,ok,
complete_case,5,0.03162277660168379,33916,11306,104,45222,True,"LogisticRegression(solver='liblinear', max_iter=1000)",DemographicParity,expected_error_from_positive_probability,authors-code,0.16136179975675818,0.8386382002432418,0.8418538828940386,0.040236758092791175,0.08214376710990823,2,26,5.551115123125783e-17,ok,
complete_case,5,0.03162277660168379,33916,11306,104,45222,True,"LogisticRegression(solver='liblinear', max_iter=1000)",DemographicParity,expected_error_from_positive_probability,modern-fairlearn,0.16126262644900702,0.838737373550993,0.8418538828940386,0.040767865831088906,0.08240775866217856,2,26,6.938893903907228e-16,ok,
complete_case,5,0.1,33916,11306,104,45222,True,"LogisticRegression(solver='liblinear', max_iter=1000)",DemographicParity,expected_error_from_positive_probability,authors-code,0.15174439534700457,0.8482556046529954,0.8482221829117282,0.10779465157003165,0.15426838244661426,2,28,0.0,ok,
complete_case,5,0.1,33916,11306,104,45222,True,"LogisticRegression(solver='liblinear', max_iter=1000)",DemographicParity,expected_error_from_positive_probability,modern-fairlearn,0.1521088273595145,0.8478911726404855,0.8478683884663011,0.10702053412847676,0.1583889862441292,2,32,0.0,ok,
complete_case,6,0.001,33916,11306,104,45222,True,"LogisticRegression(solver='liblinear', max_iter=1000)",DemographicParity,expected_error_from_positive_probability,authors-code,0.16849476136962194,0.8315052386303781,0.8304440120290112,0.0012940077274282424,0.00403949303572973,2,23,0.00013648430016610646,ok,
complete_case,6,0.001,33916,11306,104,45222,True,"LogisticRegression(solver='liblinear', max_iter=1000)",DemographicParity,expected_error_from_positive_probability,modern-fairlearn,0.16849476136962194,0.8315052386303781,0.8304440120290112,0.0012940077274282424,0.00403949303572973,2,23,0.0001564844434387147,ok,
complete_case,6,0.0031622776601683794,33916,11306,104,45222,True,"LogisticRegression(solver='liblinear', max_iter=1000)",DemographicParity,expected_error_from_positive_probability,authors-code,0.16782358928320784,0.8321764107167922,0.8336281620378561,0.0036220495174922596,0.013152521844450205,2,23,0.00015218171901856814,ok,
complete_case,6,0.0031622776601683794,33916,11306,104,45222,True,"LogisticRegression(solver='liblinear', max_iter=1000)",DemographicParity,expected_error_from_positive_probability,modern-fairlearn,0.16788107611341502,0.8321189238865849,0.8335397134264992,0.0036344571790641322,0.013282290855610362,2,23,0.00013648430016616198,ok,
complete_case,6,0.01,33916,11306,104,45222,True,"LogisticRegression(solver='liblinear', max_iter=1000)",DemographicParity,expected_error_from_positive_probability,authors-code,0.16589276685830415,0.8341072331416959,0.8337166106492128,0.010636032075742513,0.013022752833290074,2,23,9.36431440834995e-05,ok,
complete_case,6,0.01,33916,11306,104,45222,True,"LogisticRegression(solver='liblinear', max_iter=1000)",DemographicParity,expected_error_from_positive_probability,modern-fairlearn,0.16597398171980016,0.8340260182801998,0.8336281620378561,0.01071724693723855,0.013152521844450205,2,23,9.364314408319419e-05,ok,
complete_case,6,0.03162277660168379,33916,11306,104,45222,True,"LogisticRegression(solver='liblinear', max_iter=1000)",DemographicParity,expected_error_from_positive_probability,authors-code,0.16106110367288098,0.838938896327119,0.8418538828940386,0.03258162503841913,0.06667928309830723,2,26,4.440892098500626e-16,ok,
complete_case,6,0.03162277660168379,33916,11306,104,45222,True,"LogisticRegression(solver='liblinear', max_iter=1000)",DemographicParity,expected_error_from_positive_probability,modern-fairlearn,0.1612873819221495,0.8387126180778505,0.841676985671325,0.03247827151088087,0.06734636790956541,2,26,6.938893903907228e-16,ok,
complete_case,6,0.1,33916,11306,104,45222,True,"LogisticRegression(solver='liblinear', max_iter=1000)",DemographicParity,expected_error_from_positive_probability,authors-code,0.15182503097194572,0.8481749690280542,0.8495489120820803,0.09680759409023272,0.15426593996020416,2,28,0.0,ok,
complete_case,6,0.1,33916,11306,104,45222,True,"LogisticRegression(solver='liblinear', max_iter=1000)",DemographicParity,expected_error_from_positive_probability,modern-fairlearn,0.15172758554809224,0.8482724144519078,0.8496373606934371,0.0971740213858661,0.15535881131585777,2,32,0.0,ok,
complete_case,7,0.001,33916,11306,104,45222,True,"LogisticRegression(solver='liblinear', max_iter=1000)",DemographicParity,expected_error_from_positive_probability,authors-code,0.1714485467848868,0.8285514532151133,0.830974703697152,0.004847440039677853,0.006159232987850177,2,23,0.00038880639518562576,ok,
complete_case,7,0.001,33916,11306,104,45222,True,"LogisticRegression(solver='liblinear', max_iter=1000)",DemographicParity,expected_error_from_positive_probability,modern-fairlearn,0.17124933819297736,0.8287506618070226,0.8310631523085088,0.00456812460379849,0.006026957855575027,2,20,0.00041468569653296816,ok,
complete_case,7,0.0031622776601683794,33916,11306,104,45222,True,"LogisticRegression(solver='liblinear', max_iter=1000)",DemographicParity,expected_error_from_positive_probability,authors-code,0.17069240707958042,0.8293075929204196,0.8310631523085088,0.002497372868780684,0.006026957855575027,2,23,0.0003657448650740136,ok,
complete_case,7,0.0031622776601683794,33916,11306,104,45222,True,"LogisticRegression(solver='liblinear', max_iter=1000)",DemographicParity,expected_error_from_positive_probability,modern-fairlearn,0.17074016964774352,0.8292598303522565,0.8310631523085088,0.0025777700274323967,0.006026957855575027,2,23,0.00034583866243062533,ok,
complete_case,7,0.01,33916,11306,104,45222,True,"LogisticRegression(solver='liblinear', max_iter=1000)",DemographicParity,expected_error_from_positive_probability,authors-code,0.16886149515377546,0.8311385048462245,0.8310631523085088,0.004386126880599056,0.006026957855575027,2,23,2.7755575615628914e-17,ok,
complete_case,7,0.01,33916,11306,104,45222,True,"LogisticRegression(solver='liblinear', max_iter=1000)",DemographicParity,expected_error_from_positive_probability,modern-fairlearn,0.16894994376513228,0.8310500562348677,0.830974703697152,0.004467040238184311,0.006159232987850177,2,23,0.0,ok,
complete_case,7,0.03162277660168379,33916,11306,104,45222,True,"LogisticRegression(solver='liblinear', max_iter=1000)",DemographicParity,expected_error_from_positive_probability,authors-code,0.16461490912817456,0.8353850908718254,0.8328321245356448,0.0266298444854374,0.018528052497620046,2,26,2.7755575615628914e-17,ok,
complete_case,7,0.03162277660168379,33916,11306,104,45222,True,"LogisticRegression(solver='liblinear', max_iter=1000)",DemographicParity,expected_error_from_positive_probability,modern-fairlearn,0.16316333353790097,0.836836666462099,0.8374314523261985,0.026637383296197553,0.04300114125260948,2,26,2.7755575615628914e-15,ok,
complete_case,7,0.1,33916,11306,104,45222,True,"LogisticRegression(solver='liblinear', max_iter=1000)",DemographicParity,expected_error_from_positive_probability,authors-code,0.15336190246661094,0.846638097533389,0.8450380329028834,0.0917205858034199,0.11168272612479767,2,32,0.0,ok,
complete_case,7,0.1,33916,11306,104,45222,True,"LogisticRegression(solver='liblinear', max_iter=1000)",DemographicParity,expected_error_from_positive_probability,modern-fairlearn,0.15330309739703535,0.8466969026029647,0.8451264815142402,0.09166847835720286,0.11141577470995517,2,32,1.3877787807814457e-15,ok,
complete_case,8,0.001,33916,11306,103,45222,True,"LogisticRegression(solver='liblinear', max_iter=1000)",DemographicParity,expected_error_from_positive_probability,authors-code,0.1707877915663056,0.8292122084336944,0.832743675924288,0.0029542732977144714,0.01565872533482543,2,20,0.0002676779465108359,ok,
complete_case,8,0.001,33916,11306,103,45222,True,"LogisticRegression(solver='liblinear', max_iter=1000)",DemographicParity,expected_error_from_positive_probability,modern-fairlearn,0.17079481934022425,0.8292051806597758,0.832743675924288,0.002981449551493792,0.01565872533482543,2,20,0.0003561943900256548,ok,
complete_case,8,0.0031622776601683794,33916,11306,103,45222,True,"LogisticRegression(solver='liblinear', max_iter=1000)",DemographicParity,expected_error_from_positive_probability,authors-code,0.17025391742383983,0.8297460825761602,0.832743675924288,0.0008897932290862498,0.01565872533482543,2,20,0.0002676779465109469,ok,
complete_case,8,0.0031622776601683794,33916,11306,103,45222,True,"LogisticRegression(solver='liblinear', max_iter=1000)",DemographicParity,expected_error_from_positive_probability,modern-fairlearn,0.17022758258674117,0.8297724174132588,0.832743675924288,0.0007879569684841603,0.01565872533482543,2,20,0.00023280971106143244,ok,
complete_case,8,0.01,33916,11306,103,45222,True,"LogisticRegression(solver='liblinear', max_iter=1000)",DemographicParity,expected_error_from_positive_probability,authors-code,0.16856565914977883,0.8314343408502212,0.832743675924288,0.005638665971799545,0.01565872533482543,2,20,0.0002676779465108914,ok,
complete_case,8,0.01,33916,11306,103,45222,True,"LogisticRegression(solver='liblinear', max_iter=1000)",DemographicParity,expected_error_from_positive_probability,modern-fairlearn,0.16856826478352996,0.8314317352164701,0.832743675924288,0.005628590040943571,0.01565872533482543,2,20,0.000356194390025516,ok,
complete_case,8,0.03162277660168379,33916,11306,103,45222,True,"LogisticRegression(solver='liblinear', max_iter=1000)",DemographicParity,expected_error_from_positive_probability,authors-code,0.16533473245729546,0.8346652675427045,0.8344241995400672,0.024235804778881487,0.03395292984437895,2,26,0.0,ok,
complete_case,8,0.03162277660168379,33916,11306,103,45222,True,"LogisticRegression(solver='liblinear', max_iter=1000)",DemographicParity,expected_error_from_positive_probability,modern-fairlearn,0.16520648369356264,0.8347935163064374,0.834512648151424,0.024337352138399743,0.0338235135120378,2,26,0.0,ok,
complete_case,8,0.1,33916,11306,103,45222,True,"LogisticRegression(solver='liblinear', max_iter=1000)",DemographicParity,expected_error_from_positive_probability,authors-code,0.15488218438955442,0.8451178156104455,0.8454802759596675,0.08982287586392677,0.14344800618392387,2,32,0.0,ok,
complete_case,8,0.1,33916,11306,103,45222,True,"LogisticRegression(solver='liblinear', max_iter=1000)",DemographicParity,expected_error_from_positive_probability,modern-fairlearn,0.1549261993957453,0.8450738006042546,0.8453918273483106,0.08988026406774424,0.14331858985158272,2,32,0.0,ok,
complete_case,9,0.001,33916,11306,104,45222,True,"LogisticRegression(solver='liblinear', max_iter=1000)",DemographicParity,expected_error_from_positive_probability,authors-code,0.1727553000080864,0.8272446999919136,0.8300017689722271,0.008892155013997205,0.03460375778460287,2,20,0.00012350576008859915,ok,
complete_case,9,0.001,33916,11306,104,45222,True,"LogisticRegression(solver='liblinear', max_iter=1000)",DemographicParity,expected_error_from_positive_probability,modern-fairlearn,0.17275454628930617,0.8272454537106938,0.8300017689722271,0.009013033546504262,0.03460375778460287,2,20,0.0002537015538712495,ok,
complete_case,9,0.0031622776601683794,33916,11306,104,45222,True,"LogisticRegression(solver='liblinear', max_iter=1000)",DemographicParity,expected_error_from_positive_probability,authors-code,0.17234244054866435,0.8276575594513357,0.8300017689722271,0.011145577755727748,0.03460375778460287,2,20,0.00014513473224145312,ok,
complete_case,9,0.0031622776601683794,33916,11306,104,45222,True,"LogisticRegression(solver='liblinear', max_iter=1000)",DemographicParity,expected_error_from_positive_probability,modern-fairlearn,0.1723439202763491,0.827656079723651,0.8300017689722271,0.011038396522345673,0.03460375778460287,2,20,0.0001121071250949901,ok,
complete_case,9,0.01,33916,11306,104,45222,True,"LogisticRegression(solver='liblinear', max_iter=1000)",DemographicParity,expected_error_from_positive_probability,authors-code,0.1710411080569012,0.8289588919430988,0.8300017689722271,0.017835400475734675,0.03460375778460287,2,20,4.564229862749625e-05,ok,
complete_case,9,0.01,33916,11306,104,45222,True,"LogisticRegression(solver='liblinear', max_iter=1000)",DemographicParity,expected_error_from_positive_probability,modern-fairlearn,0.17103919978221258,0.8289608002177874,0.8300017689722271,0.017845356285489278,0.03460375778460287,2,20,3.832498401731832e-05,ok,
complete_case,9,0.03162277660168379,33916,11306,104,45222,True,"LogisticRegression(solver='liblinear', max_iter=1000)",DemographicParity,expected_error_from_positive_probability,authors-code,0.16652265992437673,0.8334773400756232,0.8332743675924288,0.040239132075478995,0.058348393143562854,2,22,1.1102230246251565e-15,ok,
complete_case,9,0.03162277660168379,33916,11306,104,45222,True,"LogisticRegression(solver='liblinear', max_iter=1000)",DemographicParity,expected_error_from_positive_probability,modern-fairlearn,0.16650726744258226,0.8334927325574177,0.8332743675924288,0.04030782778226552,0.058348393143562854,2,26,4.163336342344337e-15,ok,
complete_case,9,0.1,33916,11306,104,45222,True,"LogisticRegression(solver='liblinear', max_iter=1000)",DemographicParity,expected_error_from_positive_probability,authors-code,0.15537947624540857,0.8446205237545914,0.844772687068813,0.10484540439421246,0.1620720167142132,2,28,0.0,ok,
complete_case,9,0.1,33916,11306,104,45222,True,"LogisticRegression(solver='liblinear', max_iter=1000)",DemographicParity,expected_error_from_positive_probability,modern-fairlearn,0.15553875507905393,0.8444612449209461,0.8446842384574562,0.10466323195658656,0.16127584971348613,2,28,2.7755575615628914e-17,ok,
