Alpha,Beta,Group Fairness,Individual Fairness,Accuracy,Demographic Parity Difference,Equalized Odds Difference,Theil Index,Gini Coefficient,Train Time (s),Trained This Run
0.0,0.0,demographic_parity_difference,theil_index,0.42,0.03,0.04,0.14,0.39,0.005,False
0.0,0.0,demographic_parity_difference,generalized_entropy_index,0.48,0.22,0.55,0.22,0.62,0.001,False
0.0,0.0,demographic_parity_difference,atkinson_index,0.39,0.23,0.44,0.12,0.31,0.0,False
0.0,0.0,demographic_parity_difference,gini_coefficient,0.7,0.02,0.05,0.21,0.94,0.0,False
0.0,0.0,equalized_odds_difference,theil_index,0.45,0.08,0.14,0.12,0.36,0.0,False
0.0,0.0,equalized_odds_difference,generalized_entropy_index,0.59,0.07,0.15,0.18,0.64,0.0,False
0.0,0.0,equalized_odds_difference,atkinson_index,0.49,0.06,0.14,0.23,0.66,0.0,False
0.0,0.0,equalized_odds_difference,gini_coefficient,0.39,0.21,0.37,0.13,0.35,0.0,False
0.0,0.0,equal_opportunity_difference,theil_index,0.64,0.05,0.06,0.19,0.73,0.0,False
0.0,0.0,equal_opportunity_difference,generalized_entropy_index,0.48,0.09,0.15,0.2,0.57,0.0,False
0.0,0.0,equal_opportunity_difference,atkinson_index,0.34,0.24,0.25,0.07,0.13,0.0,False
0.0,0.0,equal_opportunity_difference,gini_coefficient,0.38,0.28,0.3,0.21,0.52,0.0,False
0.0,0.0,disparate_impact_difference,theil_index,0.47,0.0,0.11,0.1,0.32,0.0,False
0.0,0.0,disparate_impact_difference,generalized_entropy_index,0.51,0.19,0.27,0.15,0.49,0.0,False
0.0,0.0,disparate_impact_difference,atkinson_index,0.41,0.31,0.36,0.12,0.35,0.0,False
0.0,0.0,disparate_impact_difference,gini_coefficient,0.63,0.07,0.14,0.24,0.86,0.0,False
0.0,0.005,demographic_parity_difference,theil_index,0.59,0.01,0.19,0.16,0.6,0.0,False
0.0,0.005,demographic_parity_difference,generalized_entropy_index,0.32,0.1,0.16,0.09,0.19,0.0,False
0.0,0.005,demographic_parity_difference,atkinson_index,0.34,0.12,0.23,0.16,0.39,0.0,False
0.0,0.005,demographic_parity_difference,gini_coefficient,0.64,0.47,0.56,0.22,0.82,0.0,False
0.0,0.005,equalized_odds_difference,theil_index,0.64,0.09,0.14,0.21,0.78,0.0,False
0.0,0.005,equalized_odds_difference,generalized_entropy_index,0.47,0.02,0.12,0.11,0.36,0.0,False
0.0,0.005,equalized_odds_difference,atkinson_index,0.7,0.21,0.32,0.2,0.89,0.0,False
0.0,0.005,equalized_odds_difference,gini_coefficient,0.33,0.01,0.17,0.08,0.17,0.0,False
0.0,0.005,equal_opportunity_difference,theil_index,0.63,0.1,0.21,0.2,0.73,0.0,False
0.0,0.005,equal_opportunity_difference,generalized_entropy_index,0.34,0.05,0.14,0.09,0.19,0.0,False
0.0,0.005,equal_opportunity_difference,atkinson_index,0.56,0.22,0.29,0.26,0.78,0.0,False
0.0,0.005,equal_opportunity_difference,gini_coefficient,0.41,0.28,0.39,0.07,0.19,0.0,False
0.0,0.005,disparate_impact_difference,theil_index,0.34,0.04,0.23,0.1,0.24,0.0,False
0.0,0.005,disparate_impact_difference,generalized_entropy_index,0.51,0.12,0.32,0.11,0.39,0.0,False
0.0,0.005,disparate_impact_difference,atkinson_index,0.56,0.17,0.23,0.15,0.53,0.0,False
0.0,0.005,disparate_impact_difference,gini_coefficient,0.46,0.04,0.16,0.18,0.51,0.0,False
0.0,0.05,demographic_parity_difference,theil_index,0.4,0.26,0.33,0.15,0.4,0.0,False
0.0,0.05,demographic_parity_difference,generalized_entropy_index,0.7,0.19,0.24,0.16,0.75,0.0,False
0.0,0.05,demographic_parity_difference,atkinson_index,0.66,0.06,0.1,0.24,0.93,0.0,False
0.0,0.05,demographic_parity_difference,gini_coefficient,0.3,0.17,0.22,0.1,0.2,0.0,False
0.0,0.05,equalized_odds_difference,theil_index,0.61,0.23,0.31,0.14,0.57,0.0,False
0.0,0.05,equalized_odds_difference,generalized_entropy_index,0.47,0.03,0.04,0.12,0.37,0.0,False
0.0,0.05,equalized_odds_difference,atkinson_index,0.43,0.15,0.17,0.1,0.3,0.0,False
0.0,0.05,equalized_odds_difference,gini_coefficient,0.55,0.3,0.69,0.19,0.61,0.0,False
0.0,0.05,equal_opportunity_difference,theil_index,0.64,0.1,0.13,0.22,0.8,0.0,False
0.0,0.05,equal_opportunity_difference,generalized_entropy_index,0.36,0.22,0.32,0.09,0.22,0.0,False
0.0,0.05,equal_opportunity_difference,atkinson_index,0.45,0.1,0.44,0.18,0.52,0.0,False
0.0,0.05,equal_opportunity_difference,gini_coefficient,0.6,0.14,0.28,0.16,0.6,0.0,False
0.0,0.05,disparate_impact_difference,theil_index,0.55,0.03,0.06,0.2,0.64,0.0,False
0.0,0.05,disparate_impact_difference,generalized_entropy_index,0.43,0.34,0.44,0.15,0.44,0.0,False
0.0,0.05,disparate_impact_difference,atkinson_index,0.49,0.41,0.48,0.23,0.66,0.0,False
0.0,0.05,disparate_impact_difference,gini_coefficient,0.62,0.02,0.04,0.14,0.57,0.0,False
0.0,0.25,demographic_parity_difference,theil_index,0.48,0.34,0.4,0.21,0.6,0.0,False
0.0,0.25,demographic_parity_difference,generalized_entropy_index,0.41,0.14,0.16,0.06,0.15,0.0,False
0.0,0.25,demographic_parity_difference,atkinson_index,0.38,0.3,0.49,0.15,0.4,0.0,False
0.0,0.25,demographic_parity_difference,gini_coefficient,0.67,0.15,0.22,0.2,0.8,0.247,True
0.0,0.25,equalized_odds_difference,theil_index,0.62,0.19,0.24,0.18,0.67,0.375,True
0.0,0.25,equalized_odds_difference,generalized_entropy_index,0.41,0.1,0.33,0.12,0.32,0.397,True
0.0,0.25,equalized_odds_difference,atkinson_index,0.57,0.24,0.26,0.21,0.68,0.386,True
0.0,0.25,equalized_odds_difference,gini_coefficient,0.57,0.08,0.42,0.18,0.63,0.381,True
0.0,0.25,equal_opportunity_difference,theil_index,0.34,0.08,0.1,0.09,0.21,0.285,True
0.0,0.25,equal_opportunity_difference,generalized_entropy_index,0.51,0.08,0.14,0.07,0.27,0.287,True
0.0,0.25,equal_opportunity_difference,atkinson_index,0.53,0.3,0.57,0.19,0.61,0.293,True
0.0,0.25,equal_opportunity_difference,gini_coefficient,0.7,0.01,0.08,0.13,0.65,0.294,True
0.0,0.25,disparate_impact_difference,theil_index,0.4,0.06,0.11,0.1,0.26,0.227,True
0.0,0.25,disparate_impact_difference,generalized_entropy_index,0.67,0.09,0.11,0.18,0.74,0.227,True
0.0,0.25,disparate_impact_difference,atkinson_index,0.37,0.12,0.14,0.14,0.36,0.228,True
0.0,0.25,disparate_impact_difference,gini_coefficient,0.56,0.28,0.5,0.11,0.44,0.231,True
0.0,0.5,demographic_parity_difference,theil_index,0.39,0.18,0.5,0.1,0.26,0.221,True
0.0,0.5,demographic_parity_difference,generalized_entropy_index,0.29,0.01,0.19,0.08,0.15,0.222,True
0.0,0.5,demographic_parity_difference,atkinson_index,0.32,0.18,0.38,0.11,0.26,0.224,True
0.0,0.5,demographic_parity_difference,gini_coefficient,0.38,0.11,0.33,0.09,0.23,0.235,True
0.0,0.5,equalized_odds_difference,theil_index,0.36,0.13,0.24,0.12,0.31,0.382,True
0.0,0.5,equalized_odds_difference,generalized_entropy_index,0.67,0.08,0.17,0.21,0.85,0.382,True
0.0,0.5,equalized_odds_difference,atkinson_index,0.51,0.02,0.12,0.17,0.54,0.379,True
0.0,0.5,equalized_odds_difference,gini_coefficient,0.54,0.12,0.29,0.23,0.71,0.379,True
0.0,0.5,equal_opportunity_difference,theil_index,0.34,0.07,0.1,0.04,0.04,0.287,True
0.0,0.5,equal_opportunity_difference,generalized_entropy_index,0.34,0.05,0.12,0.08,0.18,0.29,True
0.0,0.5,equal_opportunity_difference,atkinson_index,0.63,0.07,0.37,0.17,0.66,0.291,True
0.0,0.5,equal_opportunity_difference,gini_coefficient,0.69,0.13,0.19,0.15,0.69,0.287,True
0.0,0.5,disparate_impact_difference,theil_index,0.48,0.12,0.15,0.19,0.56,0.225,True
0.0,0.5,disparate_impact_difference,generalized_entropy_index,0.61,0.13,0.13,0.24,0.82,0.231,True
0.0,0.5,disparate_impact_difference,atkinson_index,0.35,0.18,0.2,0.17,0.41,0.239,True
0.0,0.5,disparate_impact_difference,gini_coefficient,0.72,0.04,0.12,0.19,0.97,0.233,True
0.0,0.75,demographic_parity_difference,theil_index,0.39,0.32,0.32,0.16,0.41,0.223,True
0.0,0.75,demographic_parity_difference,generalized_entropy_index,0.55,0.16,0.23,0.18,0.6,0.226,True
0.0,0.75,demographic_parity_difference,atkinson_index,0.41,0.16,0.29,0.11,0.31,0.225,True
0.0,0.75,demographic_parity_difference,gini_coefficient,0.52,0.07,0.11,0.11,0.38,0.231,True
0.0,0.75,equalized_odds_difference,theil_index,0.63,0.09,0.12,0.15,0.62,0.377,True
0.0,0.75,equalized_odds_difference,generalized_entropy_index,0.39,0.3,0.46,0.08,0.21,0.383,True
0.0,0.75,equalized_odds_difference,atkinson_index,0.41,0.37,0.59,0.08,0.21,0.38,True
0.0,0.75,equalized_odds_difference,gini_coefficient,0.62,0.04,0.3,0.18,0.68,0.381,True
0.0,0.75,equal_opportunity_difference,theil_index,0.37,0.01,0.04,0.16,0.4,0.288,True
0.0,0.75,equal_opportunity_difference,generalized_entropy_index,0.49,0.09,0.14,0.19,0.57,0.288,True
0.0,0.75,equal_opportunity_difference,atkinson_index,0.57,0.15,0.21,0.17,0.61,0.287,True
0.0,0.75,equal_opportunity_difference,gini_coefficient,0.28,0.11,0.22,0.11,0.22,0.293,True
0.0,0.75,disparate_impact_difference,theil_index,0.53,0.03,0.23,0.21,0.65,0.23,True
0.0,0.75,disparate_impact_difference,generalized_entropy_index,0.4,0.08,0.14,0.18,0.47,0.227,True
0.0,0.75,disparate_impact_difference,atkinson_index,0.28,0.16,0.35,0.05,0.04,0.228,True
0.0,0.75,disparate_impact_difference,gini_coefficient,0.59,0.21,0.22,0.16,0.6,0.225,True
0.0,1.0,demographic_parity_difference,theil_index,0.32,0.13,0.22,0.06,0.1,0.227,True
0.0,1.0,demographic_parity_difference,generalized_entropy_index,0.35,0.02,0.03,0.06,0.12,0.227,True
0.0,1.0,demographic_parity_difference,atkinson_index,0.52,0.02,0.17,0.16,0.54,0.227,True
0.0,1.0,demographic_parity_difference,gini_coefficient,0.4,0.2,0.23,0.13,0.36,0.227,True
0.0,1.0,equalized_odds_difference,theil_index,0.43,0.08,0.22,0.18,0.49,0.38,True
0.0,1.0,equalized_odds_difference,generalized_entropy_index,0.68,0.0,0.11,0.22,0.89,0.401,True
0.0,1.0,equalized_odds_difference,atkinson_index,0.64,0.02,0.06,0.17,0.66,0.381,True
0.0,1.0,equalized_odds_difference,gini_coefficient,0.35,0.08,0.09,0.18,0.44,0.386,True
0.0,1.0,equal_opportunity_difference,theil_index,0.65,0.21,0.24,0.24,0.9,0.3,True
0.0,1.0,equal_opportunity_difference,generalized_entropy_index,0.61,0.0,0.09,0.19,0.7,0.296,True
0.0,1.0,equal_opportunity_difference,atkinson_index,0.47,0.28,0.48,0.09,0.28,0.29,True
0.0,1.0,equal_opportunity_difference,gini_coefficient,0.7,0.12,0.16,0.16,0.75,0.292,True
0.0,1.0,disparate_impact_difference,theil_index,0.48,0.05,0.38,0.15,0.48,0.229,True
0.0,1.0,disparate_impact_difference,generalized_entropy_index,0.57,0.31,0.33,0.17,0.6,0.228,True
0.0,1.0,disparate_impact_difference,atkinson_index,0.3,0.06,0.14,0.09,0.17,0.23,True
0.0,1.0,disparate_impact_difference,gini_coefficient,0.42,0.11,0.25,0.16,0.44,0.233,True
0.005,0.0,demographic_parity_difference,theil_index,0.7,0.0,0.0,0.21,,0.225,True
0.005,0.0,demographic_parity_difference,generalized_entropy_index,0.7,0.0,0.0,0.21,,0.223,True
0.005,0.0,demographic_parity_difference,atkinson_index,0.7,0.0,0.0,0.21,,0.224,True
0.005,0.0,demographic_parity_difference,gini_coefficient,0.7,0.0,0.0,0.21,,0.232,True
0.005,0.0,equalized_odds_difference,theil_index,0.7,0.0,0.0,0.21,,0.38,True
0.005,0.0,equalized_odds_difference,generalized_entropy_index,0.7,0.0,0.0,0.21,,0.373,True
0.005,0.0,equalized_odds_difference,atkinson_index,0.7,0.0,0.0,0.21,,0.378,True
0.005,0.0,equalized_odds_difference,gini_coefficient,0.7,0.0,0.0,0.21,,0.379,True
0.005,0.0,equal_opportunity_difference,theil_index,0.7,0.0,0.0,0.21,,0.284,True
0.005,0.0,equal_opportunity_difference,generalized_entropy_index,0.7,0.0,0.0,0.21,,0.283,True
0.005,0.0,equal_opportunity_difference,atkinson_index,0.7,0.0,0.0,0.21,,0.289,True
0.005,0.0,equal_opportunity_difference,gini_coefficient,0.7,0.0,0.0,0.21,,0.288,True
0.005,0.0,disparate_impact_difference,theil_index,0.7,0.0,0.0,0.21,,0.224,True
0.005,0.0,disparate_impact_difference,generalized_entropy_index,0.7,0.0,0.0,0.21,,0.229,True
0.005,0.0,disparate_impact_difference,atkinson_index,0.7,0.0,0.0,0.21,,0.225,True
0.005,0.0,disparate_impact_difference,gini_coefficient,0.7,0.0,0.0,0.21,,0.23,True
0.005,0.005,demographic_parity_difference,theil_index,0.7,0.0,0.0,0.21,,0.227,True
0.005,0.005,demographic_parity_difference,generalized_entropy_index,0.7,0.0,0.0,0.21,,0.23,True
0.005,0.005,demographic_parity_difference,atkinson_index,0.7,0.0,0.0,0.21,,0.223,True
0.005,0.005,demographic_parity_difference,gini_coefficient,0.7,0.0,0.0,0.21,,0.227,True
0.005,0.005,equalized_odds_difference,theil_index,0.7,0.0,0.0,0.21,,0.373,True
0.005,0.005,equalized_odds_difference,generalized_entropy_index,0.7,0.0,0.0,0.21,,0.381,True
0.005,0.005,equalized_odds_difference,atkinson_index,0.7,0.0,0.0,0.21,,0.377,True
0.005,0.005,equalized_odds_difference,gini_coefficient,0.7,0.0,0.0,0.21,,0.384,True
0.005,0.005,equal_opportunity_difference,theil_index,0.7,0.0,0.0,0.21,,0.284,True
0.005,0.005,equal_opportunity_difference,generalized_entropy_index,0.7,0.0,0.0,0.21,,0.286,True
0.005,0.005,equal_opportunity_difference,atkinson_index,0.7,0.0,0.0,0.21,,0.288,True
0.005,0.005,equal_opportunity_difference,gini_coefficient,0.7,0.0,0.0,0.21,,0.29,True
0.005,0.005,disparate_impact_difference,theil_index,0.7,0.0,0.0,0.21,,0.228,True
0.005,0.005,disparate_impact_difference,generalized_entropy_index,0.7,0.0,0.0,0.21,,0.234,True
0.005,0.005,disparate_impact_difference,atkinson_index,0.7,0.0,0.0,0.21,,0.23,True
0.005,0.005,disparate_impact_difference,gini_coefficient,0.7,0.0,0.0,0.21,,0.227,True
0.005,0.05,demographic_parity_difference,theil_index,0.7,0.0,0.0,0.21,,0.228,True
0.005,0.05,demographic_parity_difference,generalized_entropy_index,0.7,0.0,0.0,0.21,,0.229,True
0.005,0.05,demographic_parity_difference,atkinson_index,0.7,0.0,0.0,0.21,,0.223,True
0.005,0.05,demographic_parity_difference,gini_coefficient,0.7,0.0,0.0,0.21,,0.226,True
0.005,0.05,equalized_odds_difference,theil_index,0.7,0.0,0.0,0.21,,0.379,True
0.005,0.05,equalized_odds_difference,generalized_entropy_index,0.7,0.0,0.0,0.21,,0.382,True
0.005,0.05,equalized_odds_difference,atkinson_index,0.7,0.0,0.0,0.21,,0.372,True
0.005,0.05,equalized_odds_difference,gini_coefficient,0.7,0.0,0.0,0.21,,0.384,True
0.005,0.05,equal_opportunity_difference,theil_index,0.7,0.0,0.0,0.21,,0.29,True
0.005,0.05,equal_opportunity_difference,generalized_entropy_index,0.7,0.0,0.0,0.21,,0.288,True
0.005,0.05,equal_opportunity_difference,atkinson_index,0.7,0.0,0.0,0.21,,0.288,True
0.005,0.05,equal_opportunity_difference,gini_coefficient,0.7,0.0,0.0,0.21,,0.29,True
0.005,0.05,disparate_impact_difference,theil_index,0.7,0.0,0.0,0.21,,0.222,True
0.005,0.05,disparate_impact_difference,generalized_entropy_index,0.7,0.0,0.0,0.21,,0.225,True
0.005,0.05,disparate_impact_difference,atkinson_index,0.7,0.0,0.0,0.21,,0.229,True
0.005,0.05,disparate_impact_difference,gini_coefficient,0.7,0.0,0.0,0.21,,0.233,True
0.005,0.25,demographic_parity_difference,theil_index,0.7,0.0,0.0,0.21,,0.227,True
0.005,0.25,demographic_parity_difference,generalized_entropy_index,0.7,0.0,0.0,0.21,,0.225,True
0.005,0.25,demographic_parity_difference,atkinson_index,0.7,0.0,0.0,0.21,,0.225,True
0.005,0.25,demographic_parity_difference,gini_coefficient,0.7,0.0,0.0,0.21,,0.226,True
0.005,0.25,equalized_odds_difference,theil_index,0.7,0.0,0.0,0.21,,0.382,True
0.005,0.25,equalized_odds_difference,generalized_entropy_index,0.7,0.0,0.0,0.21,,0.375,True
0.005,0.25,equalized_odds_difference,atkinson_index,0.7,0.0,0.0,0.21,,0.395,True
0.005,0.25,equalized_odds_difference,gini_coefficient,0.7,0.0,0.0,0.21,,0.384,True
0.005,0.25,equal_opportunity_difference,theil_index,0.7,0.0,0.0,0.21,,0.292,True
0.005,0.25,equal_opportunity_difference,generalized_entropy_index,0.7,0.0,0.0,0.21,,0.289,True
0.005,0.25,equal_opportunity_difference,atkinson_index,0.7,0.0,0.0,0.21,,0.285,True
0.005,0.25,equal_opportunity_difference,gini_coefficient,0.7,0.0,0.0,0.21,,0.291,True
0.005,0.25,disparate_impact_difference,theil_index,0.7,0.0,0.0,0.21,,0.222,True
0.005,0.25,disparate_impact_difference,generalized_entropy_index,0.7,0.0,0.0,0.21,,0.23,True
0.005,0.25,disparate_impact_difference,atkinson_index,0.7,0.0,0.0,0.21,,0.225,True
0.005,0.25,disparate_impact_difference,gini_coefficient,0.7,0.0,0.0,0.21,,0.233,True
0.005,0.5,demographic_parity_difference,theil_index,0.7,0.0,0.0,0.21,,0.231,True
0.005,0.5,demographic_parity_difference,generalized_entropy_index,0.7,0.0,0.0,0.21,,0.227,True
0.005,0.5,demographic_parity_difference,atkinson_index,0.7,0.0,0.0,0.21,,0.224,True
0.005,0.5,demographic_parity_difference,gini_coefficient,0.7,0.0,0.0,0.21,,0.23,True
0.005,0.5,equalized_odds_difference,theil_index,0.7,0.0,0.0,0.21,,0.373,True
0.005,0.5,equalized_odds_difference,generalized_entropy_index,0.7,0.0,0.0,0.21,,0.382,True
0.005,0.5,equalized_odds_difference,atkinson_index,0.7,0.0,0.0,0.21,,0.384,True
0.005,0.5,equalized_odds_difference,gini_coefficient,0.7,0.0,0.0,0.21,,0.388,True
0.005,0.5,equal_opportunity_difference,theil_index,0.7,0.0,0.0,0.21,,0.286,True
0.005,0.5,equal_opportunity_difference,generalized_entropy_index,0.7,0.0,0.0,0.21,,0.291,True
0.005,0.5,equal_opportunity_difference,atkinson_index,0.7,0.0,0.0,0.21,,0.287,True
0.005,0.5,equal_opportunity_difference,gini_coefficient,0.7,0.0,0.0,0.21,,0.285,True
0.005,0.5,disparate_impact_difference,theil_index,0.7,0.0,0.0,0.21,,0.226,True
0.005,0.5,disparate_impact_difference,generalized_entropy_index,0.7,0.0,0.0,0.21,,0.231,True
0.005,0.5,disparate_impact_difference,atkinson_index,0.7,0.0,0.0,0.21,,0.229,True
0.005,0.5,disparate_impact_difference,gini_coefficient,0.7,0.0,0.0,0.21,,0.226,True
0.005,0.75,demographic_parity_difference,theil_index,0.7,0.0,0.0,0.21,,0.225,True
0.005,0.75,demographic_parity_difference,generalized_entropy_index,0.7,0.0,0.0,0.21,,0.228,True
0.005,0.75,demographic_parity_difference,atkinson_index,0.7,0.0,0.0,0.21,,0.225,True
0.005,0.75,demographic_parity_difference,gini_coefficient,0.7,0.0,0.0,0.21,,0.232,True
0.005,0.75,equalized_odds_difference,theil_index,0.7,0.0,0.0,0.21,,0.377,True
0.005,0.75,equalized_odds_difference,generalized_entropy_index,0.7,0.0,0.0,0.21,,0.382,True
0.005,0.75,equalized_odds_difference,atkinson_index,0.7,0.0,0.0,0.21,,0.381,True
0.005,0.75,equalized_odds_difference,gini_coefficient,0.7,0.0,0.0,0.21,,0.38,True
0.005,0.75,equal_opportunity_difference,theil_index,0.7,0.0,0.0,0.21,,0.284,True
0.005,0.75,equal_opportunity_difference,generalized_entropy_index,0.7,0.0,0.0,0.21,,0.288,True
0.005,0.75,equal_opportunity_difference,atkinson_index,0.7,0.0,0.0,0.21,,0.286,True
0.005,0.75,equal_opportunity_difference,gini_coefficient,0.7,0.0,0.0,0.21,,0.293,True
0.005,0.75,disparate_impact_difference,theil_index,0.7,0.0,0.0,0.21,,0.23,True
0.005,0.75,disparate_impact_difference,generalized_entropy_index,0.7,0.0,0.0,0.21,,0.226,True
0.005,0.75,disparate_impact_difference,atkinson_index,0.7,0.0,0.0,0.21,,0.224,True
0.005,0.75,disparate_impact_difference,gini_coefficient,0.7,0.0,0.0,0.21,,0.226,True
0.005,1.0,demographic_parity_difference,theil_index,0.7,0.0,0.0,0.21,,0.23,True
0.005,1.0,demographic_parity_difference,generalized_entropy_index,0.7,0.0,0.0,0.21,,0.229,True
0.005,1.0,demographic_parity_difference,atkinson_index,0.7,0.0,0.0,0.21,,0.229,True
0.005,1.0,demographic_parity_difference,gini_coefficient,0.7,0.0,0.0,0.21,,0.229,True
0.005,1.0,equalized_odds_difference,theil_index,0.7,0.0,0.0,0.21,,0.407,True
0.005,1.0,equalized_odds_difference,generalized_entropy_index,0.7,0.0,0.0,0.21,,0.394,True
0.005,1.0,equalized_odds_difference,atkinson_index,0.7,0.0,0.0,0.21,,0.379,True
0.005,1.0,equalized_odds_difference,gini_coefficient,0.7,0.0,0.0,0.21,,0.377,True
0.005,1.0,equal_opportunity_difference,theil_index,0.7,0.0,0.0,0.21,,0.288,True
0.005,1.0,equal_opportunity_difference,generalized_entropy_index,0.7,0.0,0.0,0.21,,0.292,True
0.005,1.0,equal_opportunity_difference,atkinson_index,0.7,0.0,0.0,0.21,,0.283,True
0.005,1.0,equal_opportunity_difference,gini_coefficient,0.7,0.0,0.0,0.21,,0.289,True
0.005,1.0,disparate_impact_difference,theil_index,0.7,0.0,0.0,0.21,,0.227,True
0.005,1.0,disparate_impact_difference,generalized_entropy_index,0.7,0.0,0.0,0.21,,0.228,True
0.005,1.0,disparate_impact_difference,atkinson_index,0.7,0.0,0.0,0.21,,0.228,True
0.005,1.0,disparate_impact_difference,gini_coefficient,0.7,0.0,0.0,0.21,,0.231,True
0.05,0.0,demographic_parity_difference,theil_index,0.71,0.01,0.02,0.2,1.0,0.231,True
0.05,0.0,demographic_parity_difference,generalized_entropy_index,0.71,0.01,0.05,0.2,0.99,0.232,True
0.05,0.0,demographic_parity_difference,atkinson_index,0.71,0.01,0.02,0.2,1.0,0.249,True
0.05,0.0,demographic_parity_difference,gini_coefficient,0.71,0.01,0.02,0.2,1.0,0.23,True
0.05,0.0,equalized_odds_difference,theil_index,0.71,0.01,0.05,0.2,0.99,0.375,True
0.05,0.0,equalized_odds_difference,generalized_entropy_index,0.7,0.0,0.0,0.21,,0.379,True
0.05,0.0,equalized_odds_difference,atkinson_index,0.71,0.01,0.02,0.2,1.0,0.379,True
0.05,0.0,equalized_odds_difference,gini_coefficient,0.71,0.01,0.02,0.2,1.0,0.379,True
0.05,0.0,equal_opportunity_difference,theil_index,0.71,0.01,0.02,0.2,1.0,0.287,True
0.05,0.0,equal_opportunity_difference,generalized_entropy_index,0.71,0.01,0.02,0.2,1.0,0.289,True
0.05,0.0,equal_opportunity_difference,atkinson_index,0.71,0.01,0.02,0.2,1.0,0.284,True
0.05,0.0,equal_opportunity_difference,gini_coefficient,0.71,0.01,0.05,0.2,0.99,0.29,True
0.05,0.0,disparate_impact_difference,theil_index,0.71,0.01,0.02,0.2,1.0,0.226,True
0.05,0.0,disparate_impact_difference,generalized_entropy_index,0.71,0.01,0.05,0.2,0.99,0.229,True
0.05,0.0,disparate_impact_difference,atkinson_index,0.71,0.01,0.05,0.2,0.99,0.224,True
0.05,0.0,disparate_impact_difference,gini_coefficient,0.71,0.01,0.02,0.2,1.0,0.229,True
0.05,0.005,demographic_parity_difference,theil_index,0.71,0.01,0.02,0.2,1.0,0.225,True
0.05,0.005,demographic_parity_difference,generalized_entropy_index,0.71,0.01,0.05,0.2,0.99,0.229,True
0.05,0.005,demographic_parity_difference,atkinson_index,0.71,0.01,0.02,0.2,1.0,0.229,True
0.05,0.005,demographic_parity_difference,gini_coefficient,0.71,0.01,0.02,0.2,1.0,0.231,True
0.05,0.005,equalized_odds_difference,theil_index,0.71,0.01,0.05,0.2,0.99,0.377,True
0.05,0.005,equalized_odds_difference,generalized_entropy_index,0.71,0.01,0.02,0.2,1.0,0.39,True
0.05,0.005,equalized_odds_difference,atkinson_index,0.71,0.01,0.02,0.2,1.0,0.386,True
0.05,0.005,equalized_odds_difference,gini_coefficient,0.71,0.01,0.04,0.2,0.99,0.384,True
0.05,0.005,equal_opportunity_difference,theil_index,0.71,0.01,0.02,0.2,1.0,0.29,True
0.05,0.005,equal_opportunity_difference,generalized_entropy_index,0.71,0.01,0.02,0.2,1.0,0.289,True
0.05,0.005,equal_opportunity_difference,atkinson_index,0.71,0.01,0.02,0.2,1.0,0.287,True
0.05,0.005,equal_opportunity_difference,gini_coefficient,0.71,0.01,0.05,0.2,0.99,0.292,True
0.05,0.005,disparate_impact_difference,theil_index,0.71,0.02,0.05,0.2,0.98,0.225,True
0.05,0.005,disparate_impact_difference,generalized_entropy_index,0.71,0.02,0.05,0.2,0.98,0.233,True
0.05,0.005,disparate_impact_difference,atkinson_index,0.71,0.01,0.02,0.2,1.0,0.225,True
0.05,0.005,disparate_impact_difference,gini_coefficient,0.71,0.01,0.02,0.2,1.0,0.229,True
0.05,0.05,demographic_parity_difference,theil_index,0.71,0.01,0.04,0.2,0.99,0.228,True
0.05,0.05,demographic_parity_difference,generalized_entropy_index,0.71,0.01,0.02,0.2,1.0,0.371,True
0.05,0.05,demographic_parity_difference,atkinson_index,0.72,0.02,0.07,0.19,0.98,0.248,True
0.05,0.05,demographic_parity_difference,gini_coefficient,0.71,0.01,0.05,0.2,0.99,0.239,True
0.05,0.05,equalized_odds_difference,theil_index,0.71,0.01,0.02,0.2,1.0,0.404,True
0.05,0.05,equalized_odds_difference,generalized_entropy_index,0.71,0.01,0.05,0.2,0.99,0.382,True
0.05,0.05,equalized_odds_difference,atkinson_index,0.7,0.0,0.0,0.21,,0.381,True
0.05,0.05,equalized_odds_difference,gini_coefficient,0.71,0.01,0.02,0.2,1.0,0.384,True
0.05,0.05,equal_opportunity_difference,theil_index,0.71,0.01,0.02,0.2,1.0,0.293,True
0.05,0.05,equal_opportunity_difference,generalized_entropy_index,0.71,0.01,0.02,0.2,1.0,0.291,True
0.05,0.05,equal_opportunity_difference,atkinson_index,0.71,0.01,0.02,0.2,1.0,0.292,True
0.05,0.05,equal_opportunity_difference,gini_coefficient,0.71,0.01,0.05,0.2,0.99,0.293,True
0.05,0.05,disparate_impact_difference,theil_index,0.72,0.02,0.07,0.19,0.98,0.232,True
0.05,0.05,disparate_impact_difference,generalized_entropy_index,0.71,0.01,0.05,0.2,0.99,0.24,True
0.05,0.05,disparate_impact_difference,atkinson_index,0.71,0.01,0.02,0.2,1.0,0.232,True
0.05,0.05,disparate_impact_difference,gini_coefficient,0.72,0.02,0.07,0.19,0.98,0.238,True
0.05,0.25,demographic_parity_difference,theil_index,0.71,0.01,0.02,0.2,1.0,0.241,True
0.05,0.25,demographic_parity_difference,generalized_entropy_index,0.71,0.01,0.02,0.2,1.0,0.237,True
0.05,0.25,demographic_parity_difference,atkinson_index,0.71,0.01,0.02,0.2,1.0,0.232,True
0.05,0.25,demographic_parity_difference,gini_coefficient,0.71,0.01,0.05,0.2,0.99,0.265,True
0.05,0.25,equalized_odds_difference,theil_index,0.71,0.01,0.02,0.2,1.0,0.393,True
0.05,0.25,equalized_odds_difference,generalized_entropy_index,0.71,0.01,0.02,0.2,1.0,0.376,True
0.05,0.25,equalized_odds_difference,atkinson_index,0.7,0.0,0.0,0.21,,0.386,True
0.05,0.25,equalized_odds_difference,gini_coefficient,0.71,0.01,0.02,0.2,1.0,0.39,True
0.05,0.25,equal_opportunity_difference,theil_index,0.72,0.03,0.1,0.19,0.98,0.302,True
0.05,0.25,equal_opportunity_difference,generalized_entropy_index,0.71,0.03,0.07,0.2,0.98,0.301,True
0.05,0.25,equal_opportunity_difference,atkinson_index,0.7,0.0,0.0,0.21,,0.294,True
0.05,0.25,equal_opportunity_difference,gini_coefficient,0.71,0.02,0.05,0.2,0.98,0.293,True
0.05,0.25,disparate_impact_difference,theil_index,0.71,0.01,0.02,0.2,1.0,0.258,True
0.05,0.25,disparate_impact_difference,generalized_entropy_index,0.71,0.01,0.05,0.2,0.99,0.228,True
0.05,0.25,disparate_impact_difference,atkinson_index,0.71,0.01,0.05,0.2,0.99,0.477,True
0.05,0.25,disparate_impact_difference,gini_coefficient,0.71,0.01,0.05,0.2,0.99,0.237,True
0.05,0.5,demographic_parity_difference,theil_index,0.71,0.01,0.05,0.2,0.99,0.233,True
0.05,0.5,demographic_parity_difference,generalized_entropy_index,0.7,0.0,0.0,0.21,,0.234,True
0.05,0.5,demographic_parity_difference,atkinson_index,0.71,0.01,0.02,0.2,1.0,0.231,True
0.05,0.5,demographic_parity_difference,gini_coefficient,0.71,0.01,0.05,0.2,0.99,0.235,True
0.05,0.5,equalized_odds_difference,theil_index,0.71,0.01,0.02,0.2,1.0,0.385,True
0.05,0.5,equalized_odds_difference,generalized_entropy_index,0.7,0.0,0.0,0.21,,0.376,True
0.05,0.5,equalized_odds_difference,atkinson_index,0.71,0.01,0.02,0.2,1.0,0.38,True
0.05,0.5,equalized_odds_difference,gini_coefficient,0.71,0.03,0.07,0.2,0.98,0.382,True
0.05,0.5,equal_opportunity_difference,theil_index,0.71,0.01,0.02,0.2,1.0,0.295,True
0.05,0.5,equal_opportunity_difference,generalized_entropy_index,0.71,0.01,0.05,0.2,0.99,0.293,True
0.05,0.5,equal_opportunity_difference,atkinson_index,0.71,0.01,0.02,0.2,1.0,0.289,True
0.05,0.5,equal_opportunity_difference,gini_coefficient,0.71,0.01,0.02,0.2,1.0,0.299,True
0.05,0.5,disparate_impact_difference,theil_index,0.71,0.01,0.02,0.2,1.0,0.23,True
0.05,0.5,disparate_impact_difference,generalized_entropy_index,0.7,0.0,0.0,0.21,,0.232,True
0.05,0.5,disparate_impact_difference,atkinson_index,0.7,0.0,0.0,0.21,,0.229,True
0.05,0.5,disparate_impact_difference,gini_coefficient,0.71,0.01,0.05,0.2,0.99,0.232,True
0.05,0.75,demographic_parity_difference,theil_index,0.71,0.01,0.05,0.2,0.99,0.227,True
0.05,0.75,demographic_parity_difference,generalized_entropy_index,0.71,0.01,0.05,0.2,0.99,0.227,True
0.05,0.75,demographic_parity_difference,atkinson_index,0.72,0.02,0.07,0.19,0.98,0.228,True
0.05,0.75,demographic_parity_difference,gini_coefficient,0.71,0.01,0.02,0.2,1.0,0.233,True
0.05,0.75,equalized_odds_difference,theil_index,0.71,0.01,0.05,0.2,0.99,0.383,True
0.05,0.75,equalized_odds_difference,generalized_entropy_index,0.71,0.01,0.02,0.2,1.0,0.385,True
0.05,0.75,equalized_odds_difference,atkinson_index,0.71,0.01,0.02,0.2,1.0,0.385,True
0.05,0.75,equalized_odds_difference,gini_coefficient,0.71,0.01,0.05,0.2,0.99,0.379,True
0.05,0.75,equal_opportunity_difference,theil_index,0.7,0.0,0.0,0.21,,0.313,True
0.05,0.75,equal_opportunity_difference,generalized_entropy_index,0.7,0.0,0.0,0.21,,0.291,True
0.05,0.75,equal_opportunity_difference,atkinson_index,0.71,0.01,0.05,0.2,0.99,0.284,True
0.05,0.75,equal_opportunity_difference,gini_coefficient,0.71,0.01,0.05,0.2,0.99,0.3,True
0.05,0.75,disparate_impact_difference,theil_index,0.7,0.0,0.0,0.21,,0.231,True
0.05,0.75,disparate_impact_difference,generalized_entropy_index,0.7,0.0,0.0,0.21,,0.234,True
0.05,0.75,disparate_impact_difference,atkinson_index,0.71,0.01,0.02,0.2,1.0,0.232,True
0.05,0.75,disparate_impact_difference,gini_coefficient,0.71,0.01,0.02,0.2,1.0,0.23,True
0.05,1.0,demographic_parity_difference,theil_index,0.71,0.01,0.05,0.2,0.99,0.229,True
0.05,1.0,demographic_parity_difference,generalized_entropy_index,0.71,0.01,0.05,0.2,0.99,0.23,True
0.05,1.0,demographic_parity_difference,atkinson_index,0.71,0.01,0.05,0.2,0.99,0.232,True
0.05,1.0,demographic_parity_difference,gini_coefficient,0.71,0.01,0.02,0.2,1.0,0.234,True
0.05,1.0,equalized_odds_difference,theil_index,0.71,0.01,0.02,0.2,1.0,0.387,True
0.05,1.0,equalized_odds_difference,generalized_entropy_index,0.71,0.01,0.05,0.2,0.99,0.385,True
0.05,1.0,equalized_odds_difference,atkinson_index,0.7,0.0,0.0,0.21,,0.381,True
0.05,1.0,equalized_odds_difference,gini_coefficient,0.71,0.01,0.02,0.2,1.0,0.382,True
0.05,1.0,equal_opportunity_difference,theil_index,0.7,0.0,0.0,0.21,,0.293,True
0.05,1.0,equal_opportunity_difference,generalized_entropy_index,0.71,0.01,0.05,0.2,0.99,0.297,True
0.05,1.0,equal_opportunity_difference,atkinson_index,0.71,0.01,0.02,0.2,1.0,0.292,True
0.05,1.0,equal_opportunity_difference,gini_coefficient,0.71,0.01,0.02,0.2,1.0,0.296,True
0.05,1.0,disparate_impact_difference,theil_index,0.71,0.01,0.05,0.2,0.99,0.234,True
0.05,1.0,disparate_impact_difference,generalized_entropy_index,0.71,0.01,0.02,0.2,1.0,0.23,True
0.05,1.0,disparate_impact_difference,atkinson_index,0.71,0.01,0.02,0.2,1.0,0.227,True
0.05,1.0,disparate_impact_difference,gini_coefficient,0.71,0.01,0.02,0.2,1.0,0.228,True
0.25,0.0,demographic_parity_difference,theil_index,0.71,0.01,0.05,0.2,0.99,0.229,True
0.25,0.0,demographic_parity_difference,generalized_entropy_index,0.71,0.01,0.05,0.2,0.99,0.231,True
0.25,0.0,demographic_parity_difference,atkinson_index,0.72,0.02,0.07,0.19,0.98,0.231,True
0.25,0.0,demographic_parity_difference,gini_coefficient,0.72,0.02,0.07,0.19,0.98,0.231,True
0.25,0.0,equalized_odds_difference,theil_index,0.71,0.01,0.05,0.2,0.99,0.38,True
0.25,0.0,equalized_odds_difference,generalized_entropy_index,0.71,0.01,0.05,0.2,0.99,0.402,True
0.25,0.0,equalized_odds_difference,atkinson_index,0.72,0.02,0.07,0.19,0.98,0.392,True
0.25,0.0,equalized_odds_difference,gini_coefficient,0.71,0.01,0.05,0.2,0.99,0.411,True
0.25,0.0,equal_opportunity_difference,theil_index,0.72,0.02,0.07,0.19,0.98,0.29,True
0.25,0.0,equal_opportunity_difference,generalized_entropy_index,0.71,0.01,0.02,0.2,1.0,0.296,True
0.25,0.0,equal_opportunity_difference,atkinson_index,0.72,0.02,0.07,0.19,0.98,0.294,True
0.25,0.0,equal_opportunity_difference,gini_coefficient,0.71,0.01,0.02,0.2,1.0,0.297,True
0.25,0.0,disparate_impact_difference,theil_index,0.71,0.01,0.05,0.2,0.99,0.231,True
0.25,0.0,disparate_impact_difference,generalized_entropy_index,0.71,0.01,0.02,0.2,1.0,0.233,True
0.25,0.0,disparate_impact_difference,atkinson_index,0.71,0.01,0.05,0.2,0.99,0.233,True
0.25,0.0,disparate_impact_difference,gini_coefficient,0.71,0.01,0.02,0.2,1.0,0.236,True
0.25,0.005,demographic_parity_difference,theil_index,0.71,0.01,0.05,0.2,0.99,0.228,True
0.25,0.005,demographic_parity_difference,generalized_entropy_index,0.72,0.02,0.07,0.19,0.98,0.226,True
0.25,0.005,demographic_parity_difference,atkinson_index,0.71,0.01,0.05,0.2,0.99,0.23,True
0.25,0.005,demographic_parity_difference,gini_coefficient,0.72,0.02,0.07,0.19,0.98,0.231,True
0.25,0.005,equalized_odds_difference,theil_index,0.71,0.01,0.05,0.2,0.99,0.381,True
0.25,0.005,equalized_odds_difference,generalized_entropy_index,0.71,0.01,0.05,0.2,0.99,0.384,True
0.25,0.005,equalized_odds_difference,atkinson_index,0.71,0.01,0.02,0.2,1.0,0.378,True
0.25,0.005,equalized_odds_difference,gini_coefficient,0.71,0.01,0.05,0.2,0.99,0.385,True
0.25,0.005,equal_opportunity_difference,theil_index,0.71,0.01,0.05,0.2,0.99,0.288,True
0.25,0.005,equal_opportunity_difference,generalized_entropy_index,0.71,0.01,0.02,0.2,1.0,0.294,True
0.25,0.005,equal_opportunity_difference,atkinson_index,0.71,0.01,0.05,0.2,0.99,0.292,True
0.25,0.005,equal_opportunity_difference,gini_coefficient,0.7,0.0,0.0,0.21,,0.292,True
0.25,0.005,disparate_impact_difference,theil_index,0.71,0.01,0.05,0.2,0.99,0.227,True
0.25,0.005,disparate_impact_difference,generalized_entropy_index,0.71,0.01,0.05,0.2,0.99,0.229,True
0.25,0.005,disparate_impact_difference,atkinson_index,0.71,0.01,0.02,0.2,1.0,0.228,True
0.25,0.005,disparate_impact_difference,gini_coefficient,0.71,0.01,0.05,0.2,0.99,0.229,True
0.25,0.05,demographic_parity_difference,theil_index,0.71,0.01,0.02,0.2,1.0,0.233,True
0.25,0.05,demographic_parity_difference,generalized_entropy_index,0.71,0.01,0.05,0.2,0.99,0.228,True
0.25,0.05,demographic_parity_difference,atkinson_index,0.71,0.01,0.02,0.2,1.0,0.227,True
0.25,0.05,demographic_parity_difference,gini_coefficient,0.71,0.01,0.05,0.2,0.99,0.23,True
0.25,0.05,equalized_odds_difference,theil_index,0.71,0.01,0.02,0.2,1.0,0.381,True
0.25,0.05,equalized_odds_difference,generalized_entropy_index,0.71,0.01,0.02,0.2,1.0,0.38,True
0.25,0.05,equalized_odds_difference,atkinson_index,0.72,0.02,0.07,0.19,0.98,0.384,True
0.25,0.05,equalized_odds_difference,gini_coefficient,0.71,0.01,0.05,0.2,0.99,0.386,True
0.25,0.05,equal_opportunity_difference,theil_index,0.71,0.01,0.02,0.2,1.0,0.293,True
0.25,0.05,equal_opportunity_difference,generalized_entropy_index,0.71,0.01,0.05,0.2,0.99,0.295,True
0.25,0.05,equal_opportunity_difference,atkinson_index,0.72,0.02,0.07,0.19,0.98,0.289,True
0.25,0.05,equal_opportunity_difference,gini_coefficient,0.71,0.01,0.05,0.2,0.99,0.288,True
0.25,0.05,disparate_impact_difference,theil_index,0.71,0.01,0.02,0.2,1.0,0.228,True
0.25,0.05,disparate_impact_difference,generalized_entropy_index,0.72,0.02,0.07,0.19,0.98,0.229,True
0.25,0.05,disparate_impact_difference,atkinson_index,0.71,0.01,0.02,0.2,1.0,0.23,True
0.25,0.05,disparate_impact_difference,gini_coefficient,0.71,0.01,0.05,0.2,0.99,0.23,True
0.25,0.25,demographic_parity_difference,theil_index,0.71,0.01,0.02,0.2,1.0,0.228,True
0.25,0.25,demographic_parity_difference,generalized_entropy_index,0.71,0.01,0.05,0.2,0.99,0.231,True
0.25,0.25,demographic_parity_difference,atkinson_index,0.71,0.01,0.02,0.2,1.0,0.233,True
0.25,0.25,demographic_parity_difference,gini_coefficient,0.72,0.0,0.01,0.19,0.98,0.228,True
0.25,0.25,equalized_odds_difference,theil_index,0.71,0.01,0.02,0.2,1.0,0.387,True
0.25,0.25,equalized_odds_difference,generalized_entropy_index,0.72,0.02,0.07,0.19,0.98,0.386,True
0.25,0.25,equalized_odds_difference,atkinson_index,0.71,0.01,0.02,0.2,1.0,0.387,True
0.25,0.25,equalized_odds_difference,gini_coefficient,0.71,0.01,0.02,0.2,1.0,0.392,True
0.25,0.25,equal_opportunity_difference,theil_index,0.71,0.01,0.02,0.2,1.0,0.292,True
0.25,0.25,equal_opportunity_difference,generalized_entropy_index,0.7,0.0,0.0,0.21,,0.293,True
0.25,0.25,equal_opportunity_difference,atkinson_index,0.71,0.01,0.05,0.2,0.99,0.291,True
0.25,0.25,equal_opportunity_difference,gini_coefficient,0.71,0.01,0.02,0.2,1.0,0.295,True
0.25,0.25,disparate_impact_difference,theil_index,0.7,0.0,0.0,0.21,,0.231,True
0.25,0.25,disparate_impact_difference,generalized_entropy_index,0.71,0.01,0.05,0.2,0.99,0.229,True
0.25,0.25,disparate_impact_difference,atkinson_index,0.71,0.01,0.02,0.2,1.0,0.231,True
0.25,0.25,disparate_impact_difference,gini_coefficient,0.71,0.01,0.05,0.2,0.99,0.23,True
0.25,0.5,demographic_parity_difference,theil_index,0.72,0.02,0.07,0.19,0.98,0.232,True
0.25,0.5,demographic_parity_difference,generalized_entropy_index,0.71,0.01,0.05,0.2,0.99,0.228,True
0.25,0.5,demographic_parity_difference,atkinson_index,0.71,0.01,0.05,0.2,0.99,0.228,True
0.25,0.5,demographic_parity_difference,gini_coefficient,0.71,0.01,0.05,0.2,0.99,0.231,True
0.25,0.5,equalized_odds_difference,theil_index,0.71,0.01,0.05,0.2,0.99,0.385,True
0.25,0.5,equalized_odds_difference,generalized_entropy_index,0.71,0.01,0.05,0.2,0.99,0.385,True
0.25,0.5,equalized_odds_difference,atkinson_index,0.71,0.01,0.04,0.2,0.99,0.386,True
0.25,0.5,equalized_odds_difference,gini_coefficient,0.7,0.0,0.0,0.21,,0.382,True
0.25,0.5,equal_opportunity_difference,theil_index,0.71,0.01,0.05,0.2,0.99,0.292,True
0.25,0.5,equal_opportunity_difference,generalized_entropy_index,0.71,0.01,0.05,0.2,0.99,0.291,True
0.25,0.5,equal_opportunity_difference,atkinson_index,0.71,0.01,0.02,0.2,1.0,0.292,True
0.25,0.5,equal_opportunity_difference,gini_coefficient,0.71,0.01,0.02,0.2,1.0,0.295,True
0.25,0.5,disparate_impact_difference,theil_index,0.71,0.01,0.02,0.2,1.0,0.229,True
0.25,0.5,disparate_impact_difference,generalized_entropy_index,0.72,0.02,0.07,0.19,0.98,0.25,True
0.25,0.5,disparate_impact_difference,atkinson_index,0.72,0.02,0.07,0.19,0.98,0.232,True
0.25,0.5,disparate_impact_difference,gini_coefficient,0.71,0.01,0.02,0.2,1.0,0.233,True
0.25,0.75,demographic_parity_difference,theil_index,0.71,0.01,0.05,0.2,0.99,0.232,True
0.25,0.75,demographic_parity_difference,generalized_entropy_index,0.71,0.01,0.05,0.2,0.99,0.229,True
0.25,0.75,demographic_parity_difference,atkinson_index,0.71,0.01,0.05,0.2,0.99,0.245,True
0.25,0.75,demographic_parity_difference,gini_coefficient,0.71,0.01,0.05,0.2,0.99,0.235,True
0.25,0.75,equalized_odds_difference,theil_index,0.71,0.01,0.02,0.2,1.0,0.389,True
0.25,0.75,equalized_odds_difference,generalized_entropy_index,0.71,0.01,0.05,0.2,0.99,0.391,True
0.25,0.75,equalized_odds_difference,atkinson_index,0.71,0.01,0.05,0.2,0.99,0.387,True
0.25,0.75,equalized_odds_difference,gini_coefficient,0.7,0.0,0.0,0.21,,0.392,True
0.25,0.75,equal_opportunity_difference,theil_index,0.71,0.01,0.05,0.2,0.99,0.294,True
0.25,0.75,equal_opportunity_difference,generalized_entropy_index,0.71,0.01,0.02,0.2,1.0,0.301,True
0.25,0.75,equal_opportunity_difference,atkinson_index,0.71,0.01,0.02,0.2,1.0,0.298,True
0.25,0.75,equal_opportunity_difference,gini_coefficient,0.71,0.01,0.02,0.2,1.0,0.298,True
0.25,0.75,disparate_impact_difference,theil_index,0.7,0.0,0.0,0.21,,0.234,True
0.25,0.75,disparate_impact_difference,generalized_entropy_index,0.71,0.01,0.02,0.2,1.0,0.267,True
0.25,0.75,disparate_impact_difference,atkinson_index,0.71,0.01,0.02,0.2,1.0,0.317,True
0.25,0.75,disparate_impact_difference,gini_coefficient,0.71,0.01,0.02,0.2,1.0,0.234,True
0.25,1.0,demographic_parity_difference,theil_index,0.72,0.02,0.07,0.19,0.98,0.231,True
0.25,1.0,demographic_parity_difference,generalized_entropy_index,0.71,0.01,0.05,0.2,0.99,0.262,True
0.25,1.0,demographic_parity_difference,atkinson_index,0.72,0.02,0.07,0.19,0.98,0.233,True
0.25,1.0,demographic_parity_difference,gini_coefficient,0.71,0.01,0.02,0.2,1.0,0.236,True
0.25,1.0,equalized_odds_difference,theil_index,0.71,0.01,0.02,0.2,1.0,0.386,True
0.25,1.0,equalized_odds_difference,generalized_entropy_index,0.71,0.02,0.06,0.2,1.0,0.388,True
0.25,1.0,equalized_odds_difference,atkinson_index,0.71,0.01,0.02,0.2,1.0,0.384,True
0.25,1.0,equalized_odds_difference,gini_coefficient,0.72,0.02,0.07,0.19,0.98,0.387,True
0.25,1.0,equal_opportunity_difference,theil_index,0.7,0.0,0.0,0.21,,0.29,True
0.25,1.0,equal_opportunity_difference,generalized_entropy_index,0.71,0.01,0.05,0.2,0.99,0.295,True
0.25,1.0,equal_opportunity_difference,atkinson_index,0.72,0.02,0.07,0.19,0.98,0.293,True
0.25,1.0,equal_opportunity_difference,gini_coefficient,0.71,0.01,0.05,0.2,0.99,0.294,True
0.25,1.0,disparate_impact_difference,theil_index,0.71,0.01,0.05,0.2,0.99,0.232,True
0.25,1.0,disparate_impact_difference,generalized_entropy_index,0.71,0.01,0.02,0.2,1.0,0.231,True
0.25,1.0,disparate_impact_difference,atkinson_index,0.71,0.01,0.05,0.2,0.99,0.231,True
0.25,1.0,disparate_impact_difference,gini_coefficient,0.71,0.01,0.02,0.2,1.0,0.231,True
0.5,0.0,demographic_parity_difference,theil_index,0.71,0.01,0.02,0.2,1.0,0.23,True
0.5,0.0,demographic_parity_difference,generalized_entropy_index,0.71,0.01,0.02,0.2,1.0,0.231,True
0.5,0.0,demographic_parity_difference,atkinson_index,0.71,0.01,0.05,0.2,0.99,0.233,True
0.5,0.0,demographic_parity_difference,gini_coefficient,0.71,0.01,0.02,0.2,1.0,0.233,True
0.5,0.0,equalized_odds_difference,theil_index,0.7,0.0,0.0,0.21,,0.39,True
0.5,0.0,equalized_odds_difference,generalized_entropy_index,0.72,0.02,0.07,0.19,0.98,0.385,True
0.5,0.0,equalized_odds_difference,atkinson_index,0.71,0.01,0.05,0.2,0.99,0.391,True
0.5,0.0,equalized_odds_difference,gini_coefficient,0.71,0.01,0.05,0.2,0.99,0.383,True
0.5,0.0,equal_opportunity_difference,theil_index,0.71,0.01,0.02,0.2,1.0,0.293,True
0.5,0.0,equal_opportunity_difference,generalized_entropy_index,0.71,0.01,0.05,0.2,0.99,0.286,True
0.5,0.0,equal_opportunity_difference,atkinson_index,0.71,0.01,0.02,0.2,1.0,0.289,True
0.5,0.0,equal_opportunity_difference,gini_coefficient,0.71,0.01,0.02,0.2,1.0,0.295,True
0.5,0.0,disparate_impact_difference,theil_index,0.71,0.01,0.05,0.2,0.99,0.229,True
0.5,0.0,disparate_impact_difference,generalized_entropy_index,0.71,0.01,0.05,0.2,0.99,0.226,True
0.5,0.0,disparate_impact_difference,atkinson_index,0.71,0.01,0.02,0.2,1.0,0.225,True
0.5,0.0,disparate_impact_difference,gini_coefficient,0.71,0.01,0.02,0.2,1.0,0.227,True
0.5,0.005,demographic_parity_difference,theil_index,0.71,0.01,0.05,0.2,0.99,0.228,True
0.5,0.005,demographic_parity_difference,generalized_entropy_index,0.71,0.01,0.05,0.2,0.99,0.228,True
0.5,0.005,demographic_parity_difference,atkinson_index,0.71,0.01,0.02,0.2,1.0,0.23,True
0.5,0.005,demographic_parity_difference,gini_coefficient,0.71,0.01,0.02,0.2,1.0,0.23,True
0.5,0.005,equalized_odds_difference,theil_index,0.71,0.01,0.05,0.2,0.99,0.378,True
0.5,0.005,equalized_odds_difference,generalized_entropy_index,0.71,0.01,0.02,0.2,1.0,0.381,True
0.5,0.005,equalized_odds_difference,atkinson_index,0.71,0.01,0.05,0.2,0.99,0.38,True
0.5,0.005,equalized_odds_difference,gini_coefficient,0.71,0.01,0.02,0.2,1.0,0.38,True
0.5,0.005,equal_opportunity_difference,theil_index,0.71,0.01,0.02,0.2,1.0,0.288,True
0.5,0.005,equal_opportunity_difference,generalized_entropy_index,0.71,0.01,0.05,0.2,0.99,0.295,True
0.5,0.005,equal_opportunity_difference,atkinson_index,0.71,0.01,0.02,0.2,1.0,0.286,True
0.5,0.005,equal_opportunity_difference,gini_coefficient,0.71,0.01,0.05,0.2,0.99,0.289,True
0.5,0.005,disparate_impact_difference,theil_index,0.71,0.01,0.02,0.2,1.0,0.232,True
0.5,0.005,disparate_impact_difference,generalized_entropy_index,0.72,0.02,0.07,0.19,0.98,0.232,True
0.5,0.005,disparate_impact_difference,atkinson_index,0.71,0.01,0.02,0.2,1.0,0.231,True
0.5,0.005,disparate_impact_difference,gini_coefficient,0.71,0.01,0.05,0.2,0.99,0.231,True
0.5,0.05,demographic_parity_difference,theil_index,0.71,0.01,0.02,0.2,1.0,0.282,True
0.5,0.05,demographic_parity_difference,generalized_entropy_index,0.7,0.0,0.0,0.21,,0.238,True
0.5,0.05,demographic_parity_difference,atkinson_index,0.71,0.01,0.05,0.2,0.99,0.232,True
0.5,0.05,demographic_parity_difference,gini_coefficient,0.72,0.02,0.07,0.19,0.98,0.234,True
0.5,0.05,equalized_odds_difference,theil_index,0.71,0.01,0.02,0.2,1.0,0.39,True
0.5,0.05,equalized_odds_difference,generalized_entropy_index,0.71,0.01,0.05,0.2,0.99,0.391,True
0.5,0.05,equalized_odds_difference,atkinson_index,0.71,0.01,0.02,0.2,1.0,0.393,True
0.5,0.05,equalized_odds_difference,gini_coefficient,0.71,0.01,0.05,0.2,0.99,0.391,True
0.5,0.05,equal_opportunity_difference,theil_index,0.71,0.01,0.05,0.2,0.99,0.301,True
0.5,0.05,equal_opportunity_difference,generalized_entropy_index,0.71,0.01,0.02,0.2,1.0,0.299,True
0.5,0.05,equal_opportunity_difference,atkinson_index,0.71,0.01,0.02,0.2,1.0,0.298,True
0.5,0.05,equal_opportunity_difference,gini_coefficient,0.71,0.01,0.05,0.2,0.99,0.293,True
0.5,0.05,disparate_impact_difference,theil_index,0.71,0.01,0.05,0.2,0.99,0.229,True
0.5,0.05,disparate_impact_difference,generalized_entropy_index,0.71,0.01,0.05,0.2,0.99,0.235,True
0.5,0.05,disparate_impact_difference,atkinson_index,0.71,0.01,0.05,0.2,0.99,0.346,True
0.5,0.05,disparate_impact_difference,gini_coefficient,0.71,0.01,0.02,0.2,1.0,0.24,True
0.5,0.25,demographic_parity_difference,theil_index,0.71,0.01,0.05,0.2,0.99,0.23,True
0.5,0.25,demographic_parity_difference,generalized_entropy_index,0.71,0.01,0.02,0.2,1.0,0.227,True
0.5,0.25,demographic_parity_difference,atkinson_index,0.71,0.01,0.05,0.2,0.99,0.224,True
0.5,0.25,demographic_parity_difference,gini_coefficient,0.71,0.01,0.05,0.2,0.99,0.235,True
0.5,0.25,equalized_odds_difference,theil_index,0.72,0.02,0.07,0.19,0.98,0.411,True
0.5,0.25,equalized_odds_difference,generalized_entropy_index,0.7,0.0,0.0,0.21,,0.423,True
0.5,0.25,equalized_odds_difference,atkinson_index,0.71,0.01,0.05,0.2,0.99,0.391,True
0.5,0.25,equalized_odds_difference,gini_coefficient,0.71,0.01,0.05,0.2,0.99,0.393,True
0.5,0.25,equal_opportunity_difference,theil_index,0.71,0.01,0.05,0.2,0.99,0.293,True
0.5,0.25,equal_opportunity_difference,generalized_entropy_index,0.71,0.01,0.05,0.2,0.99,0.293,True
0.5,0.25,equal_opportunity_difference,atkinson_index,0.71,0.01,0.02,0.2,1.0,0.406,True
0.5,0.25,equal_opportunity_difference,gini_coefficient,0.71,0.01,0.02,0.2,1.0,0.302,True
0.5,0.25,disparate_impact_difference,theil_index,0.71,0.01,0.02,0.2,1.0,0.255,True
0.5,0.25,disparate_impact_difference,generalized_entropy_index,0.71,0.01,0.05,0.2,0.99,0.257,True
0.5,0.25,disparate_impact_difference,atkinson_index,0.71,0.01,0.05,0.2,0.99,0.237,True
0.5,0.25,disparate_impact_difference,gini_coefficient,0.71,0.01,0.02,0.2,1.0,0.243,True
0.5,0.5,demographic_parity_difference,theil_index,0.72,0.02,0.07,0.19,0.98,0.247,True
0.5,0.5,demographic_parity_difference,generalized_entropy_index,0.72,0.02,0.07,0.19,0.98,0.244,True
0.5,0.5,demographic_parity_difference,atkinson_index,0.71,0.01,0.02,0.2,1.0,0.241,True
0.5,0.5,demographic_parity_difference,gini_coefficient,0.7,0.0,0.0,0.21,,0.235,True
0.5,0.5,equalized_odds_difference,theil_index,0.71,0.01,0.05,0.2,0.99,0.38,True
0.5,0.5,equalized_odds_difference,generalized_entropy_index,0.71,0.01,0.05,0.2,0.99,0.381,True
0.5,0.5,equalized_odds_difference,atkinson_index,0.71,0.01,0.05,0.2,0.99,0.373,True
0.5,0.5,equalized_odds_difference,gini_coefficient,0.71,0.01,0.05,0.2,0.99,0.384,True
0.5,0.5,equal_opportunity_difference,theil_index,0.71,0.01,0.05,0.2,0.99,0.291,True
0.5,0.5,equal_opportunity_difference,generalized_entropy_index,0.71,0.01,0.05,0.2,0.99,0.291,True
0.5,0.5,equal_opportunity_difference,atkinson_index,0.71,0.01,0.05,0.2,0.99,0.292,True
0.5,0.5,equal_opportunity_difference,gini_coefficient,0.7,0.0,0.0,0.21,,0.297,True
0.5,0.5,disparate_impact_difference,theil_index,0.71,0.01,0.05,0.2,0.99,0.231,True
0.5,0.5,disparate_impact_difference,generalized_entropy_index,0.71,0.01,0.02,0.2,1.0,0.229,True
0.5,0.5,disparate_impact_difference,atkinson_index,0.71,0.01,0.02,0.2,1.0,0.228,True
0.5,0.5,disparate_impact_difference,gini_coefficient,0.72,0.02,0.07,0.19,0.98,0.231,True
0.5,0.75,demographic_parity_difference,theil_index,0.72,0.02,0.07,0.19,0.98,0.232,True
0.5,0.75,demographic_parity_difference,generalized_entropy_index,0.71,0.01,0.02,0.2,1.0,0.231,True
0.5,0.75,demographic_parity_difference,atkinson_index,0.71,0.01,0.05,0.2,0.99,0.228,True
0.5,0.75,demographic_parity_difference,gini_coefficient,0.71,0.01,0.05,0.2,0.99,0.232,True
0.5,0.75,equalized_odds_difference,theil_index,0.7,0.0,0.0,0.21,,0.42,True
0.5,0.75,equalized_odds_difference,generalized_entropy_index,0.71,0.01,0.02,0.2,1.0,0.387,True
0.5,0.75,equalized_odds_difference,atkinson_index,0.7,0.0,0.0,0.21,,0.383,True
0.5,0.75,equalized_odds_difference,gini_coefficient,0.71,0.01,0.02,0.2,1.0,0.384,True
0.5,0.75,equal_opportunity_difference,theil_index,0.71,0.01,0.02,0.2,1.0,0.286,True
0.5,0.75,equal_opportunity_difference,generalized_entropy_index,0.71,0.01,0.02,0.2,1.0,0.29,True
0.5,0.75,equal_opportunity_difference,atkinson_index,0.71,0.01,0.02,0.2,1.0,0.292,True
0.5,0.75,equal_opportunity_difference,gini_coefficient,0.71,0.01,0.05,0.2,0.99,0.297,True
0.5,0.75,disparate_impact_difference,theil_index,0.71,0.01,0.05,0.2,0.99,0.231,True
0.5,0.75,disparate_impact_difference,generalized_entropy_index,0.71,0.01,0.05,0.2,0.99,0.229,True
0.5,0.75,disparate_impact_difference,atkinson_index,0.72,0.02,0.07,0.19,0.98,0.231,True
0.5,0.75,disparate_impact_difference,gini_coefficient,0.71,0.01,0.05,0.2,0.99,0.24,True
0.5,1.0,demographic_parity_difference,theil_index,0.72,0.02,0.07,0.19,0.98,0.23,True
0.5,1.0,demographic_parity_difference,generalized_entropy_index,0.71,0.01,0.05,0.2,0.99,0.232,True
0.5,1.0,demographic_parity_difference,atkinson_index,0.71,0.01,0.05,0.2,0.99,0.231,True
0.5,1.0,demographic_parity_difference,gini_coefficient,0.71,0.01,0.02,0.2,1.0,0.231,True
0.5,1.0,equalized_odds_difference,theil_index,0.71,0.01,0.05,0.2,0.99,0.386,True
0.5,1.0,equalized_odds_difference,generalized_entropy_index,0.71,0.01,0.05,0.2,0.99,0.389,True
0.5,1.0,equalized_odds_difference,atkinson_index,0.72,0.0,0.01,0.19,0.98,0.389,True
0.5,1.0,equalized_odds_difference,gini_coefficient,0.71,0.01,0.02,0.2,1.0,0.389,True
0.5,1.0,equal_opportunity_difference,theil_index,0.71,0.01,0.02,0.2,1.0,0.29,True
0.5,1.0,equal_opportunity_difference,generalized_entropy_index,0.71,0.01,0.02,0.2,1.0,0.292,True
0.5,1.0,equal_opportunity_difference,atkinson_index,0.71,0.01,0.02,0.2,1.0,0.295,True
0.5,1.0,equal_opportunity_difference,gini_coefficient,0.71,0.01,0.05,0.2,0.99,0.301,True
0.5,1.0,disparate_impact_difference,theil_index,0.72,0.02,0.07,0.19,0.98,0.228,True
0.5,1.0,disparate_impact_difference,generalized_entropy_index,0.72,0.02,0.07,0.19,0.98,0.229,True
0.5,1.0,disparate_impact_difference,atkinson_index,0.71,0.01,0.05,0.2,0.99,0.232,True
0.5,1.0,disparate_impact_difference,gini_coefficient,0.7,0.0,0.0,0.21,,0.233,True
0.75,0.0,demographic_parity_difference,theil_index,0.71,0.01,0.02,0.2,1.0,0.226,True
0.75,0.0,demographic_parity_difference,generalized_entropy_index,0.71,0.01,0.05,0.2,0.99,0.225,True
0.75,0.0,demographic_parity_difference,atkinson_index,0.72,0.02,0.07,0.19,0.98,0.229,True
0.75,0.0,demographic_parity_difference,gini_coefficient,0.71,0.01,0.05,0.2,0.99,0.235,True
0.75,0.0,equalized_odds_difference,theil_index,0.71,0.01,0.05,0.2,0.99,0.379,True
0.75,0.0,equalized_odds_difference,generalized_entropy_index,0.72,0.02,0.07,0.19,0.98,0.389,True
0.75,0.0,equalized_odds_difference,atkinson_index,0.71,0.01,0.05,0.2,0.99,0.387,True
0.75,0.0,equalized_odds_difference,gini_coefficient,0.71,0.01,0.05,0.2,0.99,0.383,True
0.75,0.0,equal_opportunity_difference,theil_index,0.71,0.01,0.05,0.2,0.99,0.289,True
0.75,0.0,equal_opportunity_difference,generalized_entropy_index,0.71,0.01,0.02,0.2,1.0,0.292,True
0.75,0.0,equal_opportunity_difference,atkinson_index,0.72,0.02,0.07,0.19,0.98,0.297,True
0.75,0.0,equal_opportunity_difference,gini_coefficient,0.72,0.01,0.01,0.19,0.97,0.301,True
0.75,0.0,disparate_impact_difference,theil_index,0.71,0.01,0.05,0.2,0.99,0.234,True
0.75,0.0,disparate_impact_difference,generalized_entropy_index,0.71,0.01,0.05,0.2,0.99,0.233,True
0.75,0.0,disparate_impact_difference,atkinson_index,0.71,0.01,0.05,0.2,0.99,0.23,True
0.75,0.0,disparate_impact_difference,gini_coefficient,0.71,0.01,0.02,0.2,1.0,0.236,True
0.75,0.005,demographic_parity_difference,theil_index,0.71,0.01,0.02,0.2,1.0,0.231,True
0.75,0.005,demographic_parity_difference,generalized_entropy_index,0.71,0.01,0.05,0.2,0.99,0.233,True
0.75,0.005,demographic_parity_difference,atkinson_index,0.71,0.01,0.05,0.2,0.99,0.248,True
0.75,0.005,demographic_parity_difference,gini_coefficient,0.71,0.01,0.02,0.2,1.0,0.235,True
0.75,0.005,equalized_odds_difference,theil_index,0.7,0.0,0.0,0.21,,0.386,True
0.75,0.005,equalized_odds_difference,generalized_entropy_index,0.71,0.01,0.05,0.2,0.99,0.385,True
0.75,0.005,equalized_odds_difference,atkinson_index,0.72,0.02,0.07,0.19,0.98,0.395,True
0.75,0.005,equalized_odds_difference,gini_coefficient,0.71,0.01,0.05,0.2,0.99,0.389,True
0.75,0.005,equal_opportunity_difference,theil_index,0.71,0.01,0.04,0.2,0.99,0.294,True
0.75,0.005,equal_opportunity_difference,generalized_entropy_index,0.71,0.01,0.05,0.2,0.99,0.291,True
0.75,0.005,equal_opportunity_difference,atkinson_index,0.71,0.01,0.05,0.2,0.99,0.289,True
0.75,0.005,equal_opportunity_difference,gini_coefficient,0.71,0.01,0.05,0.2,0.99,0.29,True
0.75,0.005,disparate_impact_difference,theil_index,0.72,0.0,0.01,0.19,0.98,0.23,True
0.75,0.005,disparate_impact_difference,generalized_entropy_index,0.71,0.01,0.02,0.2,1.0,0.229,True
0.75,0.005,disparate_impact_difference,atkinson_index,0.71,0.01,0.05,0.2,0.99,0.23,True
0.75,0.005,disparate_impact_difference,gini_coefficient,0.71,0.01,0.05,0.2,0.99,0.23,True
0.75,0.05,demographic_parity_difference,theil_index,0.71,0.01,0.05,0.2,0.99,0.226,True
0.75,0.05,demographic_parity_difference,generalized_entropy_index,0.7,0.0,0.0,0.21,,0.291,True
0.75,0.05,demographic_parity_difference,atkinson_index,0.71,0.01,0.02,0.2,1.0,0.242,True
0.75,0.05,demographic_parity_difference,gini_coefficient,0.7,0.0,0.0,0.21,,0.25,True
0.75,0.05,equalized_odds_difference,theil_index,0.71,0.01,0.02,0.2,1.0,0.403,True
0.75,0.05,equalized_odds_difference,generalized_entropy_index,0.72,0.02,0.07,0.19,0.98,0.396,True
0.75,0.05,equalized_odds_difference,atkinson_index,0.72,0.02,0.07,0.19,0.98,0.377,True
0.75,0.05,equalized_odds_difference,gini_coefficient,0.71,0.01,0.02,0.2,1.0,0.387,True
0.75,0.05,equal_opportunity_difference,theil_index,0.71,0.01,0.05,0.2,0.99,0.288,True
0.75,0.05,equal_opportunity_difference,generalized_entropy_index,0.72,0.0,0.01,0.19,0.98,0.289,True
0.75,0.05,equal_opportunity_difference,atkinson_index,0.71,0.01,0.05,0.2,0.99,0.291,True
0.75,0.05,equal_opportunity_difference,gini_coefficient,0.71,0.01,0.02,0.2,1.0,0.289,True
0.75,0.05,disparate_impact_difference,theil_index,0.7,0.0,0.0,0.21,,0.227,True
0.75,0.05,disparate_impact_difference,generalized_entropy_index,0.71,0.01,0.02,0.2,1.0,0.226,True
0.75,0.05,disparate_impact_difference,atkinson_index,0.71,0.01,0.02,0.2,1.0,0.229,True
0.75,0.05,disparate_impact_difference,gini_coefficient,0.71,0.01,0.02,0.2,1.0,0.229,True
0.75,0.25,demographic_parity_difference,theil_index,0.72,0.02,0.07,0.19,0.98,0.229,True
0.75,0.25,demographic_parity_difference,generalized_entropy_index,0.71,0.01,0.05,0.2,0.99,0.231,True
0.75,0.25,demographic_parity_difference,atkinson_index,0.71,0.01,0.05,0.2,0.99,0.226,True
0.75,0.25,demographic_parity_difference,gini_coefficient,0.71,0.01,0.05,0.2,0.99,0.229,True
0.75,0.25,equalized_odds_difference,theil_index,0.7,0.0,0.0,0.21,,0.381,True
0.75,0.25,equalized_odds_difference,generalized_entropy_index,0.72,0.02,0.07,0.19,0.98,0.378,True
0.75,0.25,equalized_odds_difference,atkinson_index,0.71,0.01,0.02,0.2,1.0,0.383,True
0.75,0.25,equalized_odds_difference,gini_coefficient,0.71,0.01,0.02,0.2,1.0,0.382,True
0.75,0.25,equal_opportunity_difference,theil_index,0.71,0.01,0.02,0.2,1.0,0.29,True
0.75,0.25,equal_opportunity_difference,generalized_entropy_index,0.72,0.02,0.07,0.19,0.98,0.293,True
0.75,0.25,equal_opportunity_difference,atkinson_index,0.71,0.01,0.02,0.2,1.0,0.287,True
0.75,0.25,equal_opportunity_difference,gini_coefficient,0.71,0.01,0.05,0.2,0.99,0.295,True
0.75,0.25,disparate_impact_difference,theil_index,0.71,0.01,0.05,0.2,0.99,0.232,True
0.75,0.25,disparate_impact_difference,generalized_entropy_index,0.71,0.01,0.02,0.2,1.0,0.233,True
0.75,0.25,disparate_impact_difference,atkinson_index,0.72,0.02,0.07,0.19,0.98,0.23,True
0.75,0.25,disparate_impact_difference,gini_coefficient,0.71,0.01,0.05,0.2,0.99,0.23,True
0.75,0.5,demographic_parity_difference,theil_index,0.72,0.02,0.07,0.19,0.98,0.23,True
0.75,0.5,demographic_parity_difference,generalized_entropy_index,0.71,0.01,0.05,0.2,0.99,0.234,True
0.75,0.5,demographic_parity_difference,atkinson_index,0.71,0.01,0.02,0.2,1.0,0.225,True
0.75,0.5,demographic_parity_difference,gini_coefficient,0.72,0.02,0.07,0.19,0.98,0.234,True
0.75,0.5,equalized_odds_difference,theil_index,0.71,0.01,0.02,0.2,1.0,0.382,True
0.75,0.5,equalized_odds_difference,generalized_entropy_index,0.71,0.01,0.05,0.2,0.99,0.381,True
0.75,0.5,equalized_odds_difference,atkinson_index,0.71,0.01,0.05,0.2,0.99,0.386,True
0.75,0.5,equalized_odds_difference,gini_coefficient,0.7,0.0,0.0,0.21,,0.385,True
0.75,0.5,equal_opportunity_difference,theil_index,0.72,0.02,0.07,0.19,0.98,0.288,True
0.75,0.5,equal_opportunity_difference,generalized_entropy_index,0.72,0.0,0.01,0.19,0.98,0.289,True
0.75,0.5,equal_opportunity_difference,atkinson_index,0.71,0.01,0.05,0.2,0.99,0.289,True
0.75,0.5,equal_opportunity_difference,gini_coefficient,0.71,0.01,0.02,0.2,1.0,0.294,True
0.75,0.5,disparate_impact_difference,theil_index,0.71,0.01,0.05,0.2,0.99,0.23,True
0.75,0.5,disparate_impact_difference,generalized_entropy_index,0.71,0.01,0.02,0.2,1.0,0.238,True
0.75,0.5,disparate_impact_difference,atkinson_index,0.71,0.01,0.02,0.2,1.0,0.232,True
0.75,0.5,disparate_impact_difference,gini_coefficient,0.71,0.01,0.02,0.2,1.0,0.226,True
0.75,0.75,demographic_parity_difference,theil_index,0.71,0.01,0.02,0.2,1.0,0.247,True
0.75,0.75,demographic_parity_difference,generalized_entropy_index,0.71,0.01,0.05,0.2,0.99,0.233,True
0.75,0.75,demographic_parity_difference,atkinson_index,0.71,0.01,0.02,0.2,1.0,0.226,True
0.75,0.75,demographic_parity_difference,gini_coefficient,0.71,0.01,0.05,0.2,0.99,0.23,True
0.75,0.75,equalized_odds_difference,theil_index,0.71,0.01,0.02,0.2,1.0,0.38,True
0.75,0.75,equalized_odds_difference,generalized_entropy_index,0.71,0.01,0.02,0.2,1.0,0.384,True
0.75,0.75,equalized_odds_difference,atkinson_index,0.72,0.02,0.07,0.19,0.98,0.381,True
0.75,0.75,equalized_odds_difference,gini_coefficient,0.71,0.01,0.05,0.2,0.99,0.378,True
0.75,0.75,equal_opportunity_difference,theil_index,0.71,0.01,0.05,0.2,0.99,0.291,True
0.75,0.75,equal_opportunity_difference,generalized_entropy_index,0.71,0.01,0.05,0.2,0.99,0.303,True
0.75,0.75,equal_opportunity_difference,atkinson_index,0.71,0.01,0.05,0.2,0.99,0.292,True
0.75,0.75,equal_opportunity_difference,gini_coefficient,0.72,0.02,0.07,0.19,0.98,0.29,True
0.75,0.75,disparate_impact_difference,theil_index,0.72,0.02,0.07,0.19,0.98,0.227,True
0.75,0.75,disparate_impact_difference,generalized_entropy_index,0.71,0.01,0.02,0.2,1.0,0.225,True
0.75,0.75,disparate_impact_difference,atkinson_index,0.71,0.01,0.05,0.2,0.99,0.234,True
0.75,0.75,disparate_impact_difference,gini_coefficient,0.71,0.01,0.02,0.2,1.0,0.242,True
0.75,1.0,demographic_parity_difference,theil_index,0.71,0.01,0.05,0.2,0.99,0.23,True
0.75,1.0,demographic_parity_difference,generalized_entropy_index,0.71,0.01,0.05,0.2,0.99,0.234,True
0.75,1.0,demographic_parity_difference,atkinson_index,0.71,0.01,0.05,0.2,0.99,0.229,True
0.75,1.0,demographic_parity_difference,gini_coefficient,0.71,0.01,0.05,0.2,0.99,0.237,True
0.75,1.0,equalized_odds_difference,theil_index,0.71,0.01,0.05,0.2,0.99,0.572,True
0.75,1.0,equalized_odds_difference,generalized_entropy_index,0.71,0.01,0.05,0.2,0.99,0.393,True
0.75,1.0,equalized_odds_difference,atkinson_index,0.7,0.0,0.0,0.21,,0.383,True
0.75,1.0,equalized_odds_difference,gini_coefficient,0.71,0.01,0.05,0.2,0.99,0.383,True
0.75,1.0,equal_opportunity_difference,theil_index,0.71,0.01,0.05,0.2,0.99,0.296,True
0.75,1.0,equal_opportunity_difference,generalized_entropy_index,0.7,0.0,0.0,0.21,,0.29,True
0.75,1.0,equal_opportunity_difference,atkinson_index,0.71,0.01,0.02,0.2,1.0,0.286,True
0.75,1.0,equal_opportunity_difference,gini_coefficient,0.71,0.01,0.05,0.2,0.99,0.291,True
0.75,1.0,disparate_impact_difference,theil_index,0.71,0.01,0.05,0.2,0.99,0.235,True
0.75,1.0,disparate_impact_difference,generalized_entropy_index,0.71,0.01,0.02,0.2,1.0,0.231,True
0.75,1.0,disparate_impact_difference,atkinson_index,0.71,0.01,0.05,0.2,0.99,0.227,True
0.75,1.0,disparate_impact_difference,gini_coefficient,0.71,0.01,0.05,0.2,0.99,0.282,True
1.0,0.0,demographic_parity_difference,theil_index,0.71,0.01,0.02,0.2,1.0,0.28,True
1.0,0.0,demographic_parity_difference,generalized_entropy_index,0.7,0.0,0.0,0.21,,0.274,True
1.0,0.0,demographic_parity_difference,atkinson_index,0.7,0.0,0.0,0.21,,0.413,True
1.0,0.0,demographic_parity_difference,gini_coefficient,0.71,0.01,0.05,0.2,0.99,0.334,True
1.0,0.0,equalized_odds_difference,theil_index,0.71,0.01,0.05,0.2,0.99,0.486,True
1.0,0.0,equalized_odds_difference,generalized_entropy_index,0.71,0.01,0.05,0.2,0.99,0.385,True
1.0,0.0,equalized_odds_difference,atkinson_index,0.71,0.01,0.02,0.2,1.0,0.442,True
1.0,0.0,equalized_odds_difference,gini_coefficient,0.71,0.01,0.05,0.2,0.99,0.405,True
1.0,0.0,equal_opportunity_difference,theil_index,0.71,0.01,0.05,0.2,0.99,0.296,True
1.0,0.0,equal_opportunity_difference,generalized_entropy_index,0.71,0.01,0.05,0.2,0.99,0.286,True
1.0,0.0,equal_opportunity_difference,atkinson_index,0.71,0.01,0.02,0.2,1.0,0.289,True
1.0,0.0,equal_opportunity_difference,gini_coefficient,0.7,0.0,0.0,0.21,,0.293,True
1.0,0.0,disparate_impact_difference,theil_index,0.71,0.01,0.05,0.2,0.99,0.234,True
1.0,0.0,disparate_impact_difference,generalized_entropy_index,0.71,0.01,0.05,0.2,0.99,0.232,True
1.0,0.0,disparate_impact_difference,atkinson_index,0.71,0.01,0.02,0.2,1.0,0.231,True
1.0,0.0,disparate_impact_difference,gini_coefficient,0.71,0.01,0.05,0.2,0.99,0.229,True
1.0,0.005,demographic_parity_difference,theil_index,0.71,0.01,0.05,0.2,0.99,0.226,True
1.0,0.005,demographic_parity_difference,generalized_entropy_index,0.71,0.01,0.05,0.2,0.99,0.224,True
1.0,0.005,demographic_parity_difference,atkinson_index,0.7,0.0,0.0,0.21,,0.228,True
1.0,0.005,demographic_parity_difference,gini_coefficient,0.71,0.01,0.05,0.2,0.99,0.233,True
1.0,0.005,equalized_odds_difference,theil_index,0.71,0.01,0.05,0.2,0.99,0.379,True
1.0,0.005,equalized_odds_difference,generalized_entropy_index,0.71,0.01,0.05,0.2,0.99,0.401,True
1.0,0.005,equalized_odds_difference,atkinson_index,0.71,0.01,0.05,0.2,0.99,0.374,True
1.0,0.005,equalized_odds_difference,gini_coefficient,0.71,0.01,0.05,0.2,0.99,0.383,True
1.0,0.005,equal_opportunity_difference,theil_index,0.71,0.01,0.05,0.2,0.99,0.29,True
1.0,0.005,equal_opportunity_difference,generalized_entropy_index,0.71,0.01,0.05,0.2,0.99,0.285,True
1.0,0.005,equal_opportunity_difference,atkinson_index,0.71,0.01,0.02,0.2,1.0,0.29,True
1.0,0.005,equal_opportunity_difference,gini_coefficient,0.71,0.01,0.02,0.2,1.0,0.292,True
1.0,0.005,disparate_impact_difference,theil_index,0.71,0.01,0.02,0.2,1.0,0.23,True
1.0,0.005,disparate_impact_difference,generalized_entropy_index,0.72,0.02,0.07,0.19,0.98,0.23,True
1.0,0.005,disparate_impact_difference,atkinson_index,0.71,0.01,0.02,0.2,1.0,0.224,True
1.0,0.005,disparate_impact_difference,gini_coefficient,0.71,0.01,0.05,0.2,0.99,0.224,True
1.0,0.05,demographic_parity_difference,theil_index,0.72,0.02,0.07,0.19,0.98,0.23,True
1.0,0.05,demographic_parity_difference,generalized_entropy_index,0.71,0.01,0.02,0.2,1.0,0.234,True
1.0,0.05,demographic_parity_difference,atkinson_index,0.71,0.01,0.02,0.2,1.0,0.229,True
1.0,0.05,demographic_parity_difference,gini_coefficient,0.72,0.02,0.07,0.19,0.98,0.257,True
1.0,0.05,equalized_odds_difference,theil_index,0.71,0.01,0.02,0.2,1.0,0.417,True
1.0,0.05,equalized_odds_difference,generalized_entropy_index,0.71,0.01,0.05,0.2,0.99,0.475,True
1.0,0.05,equalized_odds_difference,atkinson_index,0.71,0.01,0.02,0.2,1.0,0.568,True
1.0,0.05,equalized_odds_difference,gini_coefficient,0.7,0.0,0.0,0.21,,0.4,True
1.0,0.05,equal_opportunity_difference,theil_index,0.71,0.01,0.05,0.2,0.99,0.292,True
1.0,0.05,equal_opportunity_difference,generalized_entropy_index,0.71,0.01,0.02,0.2,1.0,0.293,True
1.0,0.05,equal_opportunity_difference,atkinson_index,0.71,0.01,0.05,0.2,0.99,0.289,True
1.0,0.05,equal_opportunity_difference,gini_coefficient,0.71,0.01,0.02,0.2,1.0,0.287,True
1.0,0.05,disparate_impact_difference,theil_index,0.71,0.01,0.02,0.2,1.0,0.232,True
1.0,0.05,disparate_impact_difference,generalized_entropy_index,0.71,0.01,0.02,0.2,1.0,0.229,True
1.0,0.05,disparate_impact_difference,atkinson_index,0.71,0.01,0.05,0.2,0.99,0.222,True
1.0,0.05,disparate_impact_difference,gini_coefficient,0.71,0.01,0.05,0.2,0.99,0.233,True
1.0,0.25,demographic_parity_difference,theil_index,0.71,0.01,0.05,0.2,0.99,0.231,True
1.0,0.25,demographic_parity_difference,generalized_entropy_index,0.71,0.01,0.05,0.2,0.99,0.229,True
1.0,0.25,demographic_parity_difference,atkinson_index,0.71,0.01,0.02,0.2,1.0,0.226,True
1.0,0.25,demographic_parity_difference,gini_coefficient,0.72,0.02,0.07,0.19,0.98,0.227,True
1.0,0.25,equalized_odds_difference,theil_index,0.71,0.01,0.02,0.2,1.0,0.382,True
1.0,0.25,equalized_odds_difference,generalized_entropy_index,0.71,0.01,0.05,0.2,0.99,0.378,True
1.0,0.25,equalized_odds_difference,atkinson_index,0.71,0.01,0.05,0.2,0.99,0.386,True
1.0,0.25,equalized_odds_difference,gini_coefficient,0.72,0.02,0.07,0.19,0.98,0.39,True
1.0,0.25,equal_opportunity_difference,theil_index,0.71,0.01,0.05,0.2,0.99,0.307,True
1.0,0.25,equal_opportunity_difference,generalized_entropy_index,0.71,0.01,0.02,0.2,1.0,0.334,True
1.0,0.25,equal_opportunity_difference,atkinson_index,0.72,0.02,0.07,0.19,0.98,0.32,True
1.0,0.25,equal_opportunity_difference,gini_coefficient,0.71,0.01,0.02,0.2,1.0,0.306,True
1.0,0.25,disparate_impact_difference,theil_index,0.71,0.01,0.02,0.2,1.0,0.241,True
1.0,0.25,disparate_impact_difference,generalized_entropy_index,0.71,0.01,0.02,0.2,1.0,0.233,True
1.0,0.25,disparate_impact_difference,atkinson_index,0.71,0.01,0.05,0.2,0.99,0.227,True
1.0,0.25,disparate_impact_difference,gini_coefficient,0.71,0.01,0.02,0.2,1.0,0.232,True
1.0,0.5,demographic_parity_difference,theil_index,0.71,0.01,0.05,0.2,0.99,0.227,True
1.0,0.5,demographic_parity_difference,generalized_entropy_index,0.71,0.01,0.05,0.2,0.99,0.232,True
1.0,0.5,demographic_parity_difference,atkinson_index,0.71,0.01,0.02,0.2,1.0,0.227,True
1.0,0.5,demographic_parity_difference,gini_coefficient,0.71,0.01,0.02,0.2,1.0,0.231,True
1.0,0.5,equalized_odds_difference,theil_index,0.7,0.0,0.0,0.21,,0.385,True
1.0,0.5,equalized_odds_difference,generalized_entropy_index,0.72,0.02,0.07,0.19,0.98,0.474,True
1.0,0.5,equalized_odds_difference,atkinson_index,0.71,0.01,0.02,0.2,1.0,0.392,True
1.0,0.5,equalized_odds_difference,gini_coefficient,0.72,0.02,0.07,0.19,0.98,0.393,True
1.0,0.5,equal_opportunity_difference,theil_index,0.71,0.01,0.05,0.2,0.99,0.289,True
1.0,0.5,equal_opportunity_difference,generalized_entropy_index,0.71,0.01,0.02,0.2,1.0,0.286,True
1.0,0.5,equal_opportunity_difference,atkinson_index,0.71,0.01,0.02,0.2,1.0,0.29,True
1.0,0.5,equal_opportunity_difference,gini_coefficient,0.71,0.01,0.05,0.2,0.99,0.324,True
1.0,0.5,disparate_impact_difference,theil_index,0.71,0.01,0.05,0.2,0.99,0.232,True
1.0,0.5,disparate_impact_difference,generalized_entropy_index,0.71,0.01,0.05,0.2,0.99,0.231,True
1.0,0.5,disparate_impact_difference,atkinson_index,0.71,0.01,0.05,0.2,0.99,0.228,True
1.0,0.5,disparate_impact_difference,gini_coefficient,0.72,0.02,0.07,0.19,0.98,0.233,True
1.0,0.75,demographic_parity_difference,theil_index,0.71,0.01,0.02,0.2,1.0,0.226,True
1.0,0.75,demographic_parity_difference,generalized_entropy_index,0.72,0.02,0.07,0.19,0.98,0.229,True
1.0,0.75,demographic_parity_difference,atkinson_index,0.71,0.01,0.05,0.2,0.99,0.254,True
1.0,0.75,demographic_parity_difference,gini_coefficient,0.71,0.01,0.02,0.2,1.0,0.231,True
1.0,0.75,equalized_odds_difference,theil_index,0.71,0.01,0.04,0.2,0.99,0.396,True
1.0,0.75,equalized_odds_difference,generalized_entropy_index,0.71,0.01,0.05,0.2,0.99,0.405,True
1.0,0.75,equalized_odds_difference,atkinson_index,0.71,0.01,0.05,0.2,0.99,0.38,True
1.0,0.75,equalized_odds_difference,gini_coefficient,0.71,0.01,0.05,0.2,0.99,0.418,True
1.0,0.75,equal_opportunity_difference,theil_index,0.71,0.01,0.05,0.2,0.99,0.326,True
1.0,0.75,equal_opportunity_difference,generalized_entropy_index,0.71,0.01,0.05,0.2,0.99,0.293,True
1.0,0.75,equal_opportunity_difference,atkinson_index,0.71,0.01,0.02,0.2,1.0,0.288,True
1.0,0.75,equal_opportunity_difference,gini_coefficient,0.71,0.01,0.02,0.2,1.0,0.296,True
1.0,0.75,disparate_impact_difference,theil_index,0.72,0.02,0.07,0.19,0.98,0.229,True
1.0,0.75,disparate_impact_difference,generalized_entropy_index,0.71,0.01,0.05,0.2,0.99,0.225,True
1.0,0.75,disparate_impact_difference,atkinson_index,0.71,0.01,0.02,0.2,1.0,0.245,True
1.0,0.75,disparate_impact_difference,gini_coefficient,0.71,0.01,0.02,0.2,1.0,0.229,True
1.0,1.0,demographic_parity_difference,theil_index,0.7,0.0,0.0,0.21,,0.23,True
1.0,1.0,demographic_parity_difference,generalized_entropy_index,0.7,0.0,0.0,0.21,,0.232,True
1.0,1.0,demographic_parity_difference,atkinson_index,0.71,0.01,0.05,0.2,0.99,0.248,True
1.0,1.0,demographic_parity_difference,gini_coefficient,0.71,0.01,0.02,0.2,1.0,0.244,True
1.0,1.0,equalized_odds_difference,theil_index,0.71,0.01,0.02,0.2,1.0,0.429,True
1.0,1.0,equalized_odds_difference,generalized_entropy_index,0.71,0.01,0.05,0.2,0.99,0.576,True
1.0,1.0,equalized_odds_difference,atkinson_index,0.72,0.02,0.07,0.19,0.98,0.55,True
1.0,1.0,equalized_odds_difference,gini_coefficient,0.71,0.01,0.02,0.2,1.0,0.541,True
1.0,1.0,equal_opportunity_difference,theil_index,0.71,0.01,0.05,0.2,0.99,0.429,True
1.0,1.0,equal_opportunity_difference,generalized_entropy_index,0.71,0.01,0.02,0.2,1.0,0.398,True
1.0,1.0,equal_opportunity_difference,atkinson_index,0.71,0.01,0.02,0.2,1.0,0.324,True
1.0,1.0,equal_opportunity_difference,gini_coefficient,0.71,0.01,0.05,0.2,0.99,0.315,True
1.0,1.0,disparate_impact_difference,theil_index,0.71,0.01,0.02,0.2,1.0,0.253,True
1.0,1.0,disparate_impact_difference,generalized_entropy_index,0.71,0.01,0.05,0.2,0.99,0.251,True
1.0,1.0,disparate_impact_difference,atkinson_index,0.71,0.01,0.05,0.2,0.99,0.26,True
1.0,1.0,disparate_impact_difference,gini_coefficient,0.72,0.0,0.01,0.19,0.98,0.239,True
